canonical_smiles,molecule_chembl_id,standard_type,type,value,bioactivity_class,MW,LogP,NumHDonors,NumHAcceptors,pIC50
CCOc1nn(-c2cccc(OCc3ccccc3)c2)c(=O)o1,CHEMBL133897,IC50,IC50,0.75,active,312.32500000000005,2.8032000000000004,0.0,6.0,6.1249387366083
O=C(N1CCCCC1)n1nc(-c2ccc(Cl)cc2)nc1SCC1CC1,CHEMBL336398,IC50,IC50,0.1,active,376.9130000000002,4.554600000000004,0.0,5.0,7.0
CN(C(=O)n1nc(-c2ccc(Cl)cc2)nc1SCC(F)(F)F)c1ccccc1,CHEMBL131588,IC50,IC50,50.0,inactive,426.8510000000001,5.357400000000003,0.0,5.0,4.301029995663981
O=C(N1CCCCC1)n1nc(-c2ccc(Cl)cc2)nc1SCC(F)(F)F,CHEMBL130628,IC50,IC50,0.3,active,404.8450000000001,4.706900000000003,0.0,5.0,6.522878745280337
CSc1nc(-c2ccc(OC(F)(F)F)cc2)nn1C(=O)N(C)C,CHEMBL130478,IC50,IC50,0.8,active,346.33400000000006,3.095300000000001,0.0,6.0,6.096910013008056
CSc1nc(-c2ccc(C)cc2)nn1C(=O)N(C)c1ccccc1,CHEMBL130112,IC50,IC50,2.4,intermediate,338.43600000000004,4.079920000000002,0.0,5.0,5.619788758288394
CSc1nc(-c2ccc(Cl)cc2)nn1C(=O)N(C)C,CHEMBL130098,IC50,IC50,0.1,active,296.783,2.850100000000001,0.0,5.0,7.0
CCCCCCSc1nc(-c2ccc(Cl)cc2)nn1C(=O)N1CCOCC1,CHEMBL337486,IC50,IC50,50.0,inactive,408.95500000000027,4.571200000000005,0.0,6.0,4.301029995663981
COc1ccc(-c2nc(SC)n(C(=O)N(C)C)n2)cc1,CHEMBL336538,IC50,IC50,0.8,active,292.364,2.2053000000000003,0.0,6.0,6.096910013008056
CSc1nc(-c2ccc(OC(F)(F)F)cc2)nn1C(=O)N(C)c1ccccc1,CHEMBL131051,IC50,IC50,50.0,inactive,408.4050000000001,4.670100000000003,0.0,6.0,4.301029995663981
CCSc1nc(-c2ccc(OC)cc2)nn1C(=O)N1CCOCC1,CHEMBL341437,IC50,IC50,50.0,inactive,348.4280000000002,2.3659999999999997,0.0,7.0,4.301029995663981
CSc1nc(-c2ccc3ccccc3c2)nn1C(=O)N(C)C,CHEMBL335033,IC50,IC50,0.05,active,312.3980000000001,3.3499000000000017,0.0,5.0,7.301029995663981
C[C@H]1C(=O)N(C(=O)NCc2ccccc2)[C@@H]1Oc1ccc(C(=O)C(C)(C)C)cc1,CHEMBL122983,IC50,IC50,100.0,inactive,394.4710000000002,4.0084000000000035,1.0,4.0,4.0
CSc1nc(-c2ccc(-c3ccccc3)cc2)nn1C(=O)N(C)C,CHEMBL338720,IC50,IC50,0.56,active,338.4360000000001,3.8637000000000032,0.0,5.0,6.251811972993799
CSc1nc(/C=C/c2ccccc2)nn1C(=O)N(C)C,CHEMBL339995,IC50,IC50,0.01,active,288.37600000000003,2.700100000000001,0.0,5.0,8.0
CCCCCCSc1nc(-c2ccc(Cl)cc2)nn1C(=O)N1CCCCC1,CHEMBL335158,IC50,IC50,0.01,active,406.9830000000003,5.724900000000006,0.0,5.0,8.0
CSc1nc(-c2ccc(Cl)cc2)nn1C(=O)N(C)c1ccccc1,CHEMBL131536,IC50,IC50,1.4,intermediate,358.85400000000004,4.424900000000004,0.0,5.0,5.853871964321762
Cc1c(C(C)C)c(=O)on1C(=O)N1CCC[C@H](C)C1,CHEMBL106126,IC50,IC50,17.0,inactive,266.34099999999995,2.5731200000000003,0.0,4.0,4.769551078621726
CCSc1nc(-c2ccc(OC)cc2)nn1C(=O)N(C)c1ccccc1,CHEMBL334971,IC50,IC50,1.1,intermediate,368.4620000000001,4.170200000000003,0.0,6.0,5.958607314841775
CCCCCCSc1nc(-c2ccc(C)cc2)nn1C(=O)N(C)c1ccccc1,CHEMBL336625,IC50,IC50,50.0,inactive,408.57100000000014,6.0304200000000066,0.0,5.0,4.301029995663981
CSc1nc(-c2ccc(Cl)cc2)nn1C(=O)N1CCCCC1,CHEMBL130666,IC50,IC50,0.026,active,336.8480000000002,3.7744000000000026,0.0,5.0,7.585026652029182
O=C(N1CCOCC1)n1nc(-c2ccc(Cl)cc2)nc1SCC(F)(F)F,CHEMBL134061,IC50,IC50,50.0,inactive,406.81700000000006,3.553200000000002,0.0,6.0,4.301029995663981
CSc1nc(-c2ccc(C)cc2)nn1C(=O)N(C)C,CHEMBL133388,IC50,IC50,0.8,active,276.365,2.5051200000000007,0.0,5.0,6.096910013008056
CSc1nc(-c2ccc(Cl)cc2)nn1C(=O)N1CCOCC1,CHEMBL130645,IC50,IC50,50.0,inactive,338.82000000000016,2.620700000000001,0.0,6.0,4.301029995663981
CN(C(=O)n1nc(-c2ccc(Cl)cc2)nc1SCC1CC1)c1ccccc1,CHEMBL335112,IC50,IC50,,intermediate,398.9190000000002,5.205100000000004,0.0,5.0,
CCCCCCSc1nc(-c2ccc(Cl)cc2)nn1C(=O)N(C)c1ccccc1,CHEMBL133580,IC50,IC50,50.0,inactive,428.98900000000015,6.375400000000006,0.0,5.0,4.301029995663981
CCSc1nc(-c2ccc(Cl)cc2)nn1C(=O)N(C)C,CHEMBL336524,IC50,IC50,0.056,active,310.81000000000006,3.2402000000000015,0.0,5.0,7.251811972993799
CCCCCCSc1nc(-c2ccc(C)cc2)nn1C(=O)N(C)C,CHEMBL336276,IC50,IC50,0.2,active,346.5000000000001,4.455620000000004,0.0,5.0,6.698970004336019
CCCSc1nc(-c2ccc(Cl)cc2)nn1C(=O)N(C)C,CHEMBL334395,IC50,IC50,0.3,active,324.8370000000001,3.6303000000000027,0.0,5.0,6.522878745280337
Cc1ccc(-c2nc(SCC(F)(F)F)n(C(=O)N(C)C)n2)cc1,CHEMBL131320,IC50,IC50,0.2,active,344.362,3.4376200000000017,0.0,5.0,6.698970004336019
COc1nn(-c2ccc(NC(=O)c3ccc(C(C)(C)C)cc3)cc2)c(=O)o1,CHEMBL339297,IC50,IC50,50.0,inactive,367.4050000000001,3.3839000000000015,1.0,6.0,4.301029995663981
CSc1nc(-c2ccc(C(F)(F)F)cc2)nn1C(=O)N(C)C,CHEMBL337714,IC50,IC50,0.5,active,330.33500000000004,3.2155000000000022,0.0,5.0,6.301029995663981
C[C@H]1C(=O)N(C(=O)NCc2ccccc2)[C@@H]1Oc1ccc(C(=O)O)cc1,CHEMBL122575,IC50,IC50,100.0,inactive,354.3620000000001,2.4778000000000002,2.0,4.0,4.0
CSc1nc(-c2ccc(C)cc2)nn1C(=O)N1CCOCC1,CHEMBL130704,IC50,IC50,50.0,inactive,318.40200000000016,2.2757199999999997,0.0,6.0,4.301029995663981
CCN(CC)CCS/C(=N\O)C(=O)c1ccc(OC)cc1,CHEMBL46151,IC50,IC50,0.26,inactive,310.41900000000004,2.7406000000000015,1.0,6.0,3.585026652029182
CCN(CC)CCS/C(=N\O)C(=O)c1ccc(F)cc1,CHEMBL296010,IC50,IC50,,intermediate,298.38300000000004,2.871100000000001,1.0,5.0,
CN(C)C(=O)Oc1cccc([N+](C)(C)C)c1.[Br-],CHEMBL54126,IC50,IC50,22.0,active,303.19999999999993,-1.052299999999998,0.0,2.0,7.657577319177793
CCCS/C(=N\O)C(=O)c1ccc(Br)cc1,CHEMBL295017,IC50,IC50,,intermediate,302.193,3.562700000000002,1.0,4.0,
C[N+](C)(C)CCS/C(=N\O)C(=O)c1ccc(F)cc1.[Cl-],CHEMBL297316,IC50,IC50,1.0,inactive,320.817,-0.7604999999999988,1.0,4.0,3.0
CN1CC[C@@]2(C)c3cc(OC(=O)NCCCN4CCOCC4)ccc3N(C)[C@@H]12,CHEMBL65667,IC50,IC50,3.8,intermediate,388.51200000000017,1.8663999999999992,1.0,6.0,5.42021640338319
CN1CC[C@@]2(C)c3cc(OC(=O)NCCCCCCCCCCN4CCOCC4)ccc3N(C)[C@@H]12,CHEMBL431519,IC50,IC50,0.04,active,486.7010000000004,4.597100000000005,1.0,6.0,7.3979400086720375
COc1ccc(C(=O)/C(=N/O)SCCCN(C)C)cc1.O=C(O)C(=O)O,CHEMBL14598,IC50,IC50,,intermediate,386.4260000000001,1.5061000000000002,3.0,8.0,
Cc1ccc(C(=O)/C(=N/O)SCC[N+](C)(C)C)cc1.[Cl-],CHEMBL296429,IC50,IC50,1.0,inactive,316.85400000000004,-0.5911799999999987,1.0,4.0,3.0
N#CC(C#N)=C1Nc2ccccc2N1CCNCc1ccc(CN2CCCCC2)o1,CHEMBL154972,IC50,IC50,73.0,active,402.5020000000003,3.5459600000000027,2.0,7.0,7.136677139879544
COc1cc(N)c(Cl)cc1C(=O)NCCNCc1ccc(CN(C)C)o1,CHEMBL152722,IC50,IC50,3100.0,intermediate,380.8760000000002,2.1050000000000004,3.0,6.0,5.508638306165727
CCN(CC)CCS/C(=N\O)C(=O)c1ccc(Cl)cc1.Cl,CHEMBL544022,IC50,IC50,0.52,inactive,351.29900000000004,3.807200000000003,1.0,5.0,3.283996656365201
CN1CCN(Cc2ccc(CNCCN3CCNC3=C(C#N)C#N)o2)CC1,CHEMBL349127,IC50,IC50,4500.0,intermediate,369.4730000000001,0.2805600000000022,2.0,8.0,5.346787486224656
Oc1nc2ccccc2n1CCNCc1ccc(CN2CCCCC2)o1,CHEMBL156659,IC50,IC50,1200.0,intermediate,354.4540000000002,3.1106000000000016,2.0,6.0,5.920818753952375
CC[N+](C)(CC)CCS/C(=N\O)C(=O)c1ccc(OC)cc1.[Cl-],CHEMBL45118,IC50,IC50,1.0,inactive,360.90700000000004,-0.11079999999999801,1.0,5.0,3.0
CN(C)CCS/C(=N\O)C(=O)c1ccc(F)cc1,CHEMBL47284,IC50,IC50,,intermediate,270.329,2.0909,1.0,5.0,
Cc1ccc(C(=O)/C(=N/O)SCCN(C)C)cc1.Cl,CHEMBL542609,IC50,IC50,1.0,inactive,302.82699999999994,2.682020000000001,1.0,5.0,3.0
CC1CCCCN1Cc1ccc(CNCCN2CCNC2=C(C#N)C#N)o1,CHEMBL155322,IC50,IC50,540.0,active,368.4850000000001,1.90756,2.0,7.0,6.267606240177032
N#CC(C#N)=C1NCCN1CCNCc1ccc(CN2CCCCC2)o1,CHEMBL154211,IC50,IC50,30.0,active,354.4580000000002,1.519059999999999,2.0,7.0,7.522878745280337
CNC(NCCNCc1ccc(CN2CCCCC2)o1)=C(C#N)C#N.Cl,CHEMBL1203537,IC50,IC50,830.0,active,378.9080000000001,1.8446600000000002,3.0,7.0,6.080921907623926
CCN(CC)CCNC(=O)c1cc(Cl)c(N)cc1OC,CHEMBL86,IC50,IC50,20000.0,inactive,299.8020000000001,2.0023999999999997,2.0,4.0,4.698970004336019
COc1ccc(C(=O)/C(=N/O)SCC[N+](C)(C)C)cc1.[Cl-],CHEMBL47375,IC50,IC50,1.0,inactive,332.85299999999995,-0.8909999999999978,1.0,5.0,3.0
CN(C)CCS/C(=N\O)C(=O)c1ccc(Cl)cc1.Cl,CHEMBL542360,IC50,IC50,1.0,inactive,323.24499999999995,3.0270000000000015,1.0,5.0,3.0
N#CC(C#N)=C1NCCN1CCNCc1ccc(CN2CCC(O)CC2)o1,CHEMBL345849,IC50,IC50,390.0,active,370.45700000000016,0.4898599999999996,3.0,8.0,6.4089353929735005
CN(C)Cc1ccc(CNCCN2CCNC2=C(C#N)C#N)o1,CHEMBL154689,IC50,IC50,390.0,active,314.39300000000003,0.5947600000000013,2.0,7.0,6.4089353929735005
CCN(C)Cc1ccc(CNCCN2CCNC2=C(C#N)C#N)o1,CHEMBL346733,IC50,IC50,430.0,active,328.42,0.9848600000000001,2.0,7.0,6.366531544420414
COc1ccc(C(=O)/C(=N/O)SCCN(C)C)cc1,CHEMBL416464,IC50,IC50,1.0,inactive,282.36499999999995,1.9604,1.0,6.0,3.0
C[N+](C)(C)CCS/C(=N\O)C(=O)c1ccc(Cl)cc1.[Cl-],CHEMBL47815,IC50,IC50,,intermediate,337.27200000000005,-0.2461999999999993,1.0,4.0,
CCN(CC)Cc1ccc(CNCCN2CCNC2=C(C#N)C#N)o1.Cl,CHEMBL1203539,IC50,IC50,600.0,active,378.9080000000001,1.7967600000000008,2.0,7.0,6.221848749616356
CN(C)Cc1ccc(CNCCN2CCN/C2=C\[N+](=O)[O-])o1,CHEMBL347729,IC50,IC50,2000.0,intermediate,309.37,0.4116000000000016,2.0,7.0,5.698970004336019
CC[N+](C)(CC)CCS/C(=N\O)C(=O)c1ccc(Cl)cc1.[Cl-],CHEMBL296786,IC50,IC50,1.0,inactive,365.326,0.534,1.0,4.0,3.0
CN1CC[C@@]2(C)c3cc(OC(=O)NCCCCN4CCOCC4)ccc3N(C)[C@@H]12,CHEMBL63173,IC50,IC50,21.0,inactive,402.5390000000002,2.2565,1.0,6.0,4.6777807052660805
CCCCCCCNC(=O)Oc1ccc2c(c1)[C@]1(C)CCN(C)[C@@H]1N2C,CHEMBL433041,IC50,IC50,0.29,active,359.5140000000002,4.114500000000003,1.0,4.0,6.5376020021010435
CN1CC[C@@]2(C)c3cc(OC(=O)NCCN4CCOCC4)ccc3N(C)[C@@H]12,CHEMBL292788,IC50,IC50,0.7,active,374.4850000000001,1.4763000000000004,1.0,6.0,6.154901959985743
NC(=O)c1cc[n+](COC[n+]2ccccc2/C=N/O)cc1.[Cl-].[Cl-],CHEMBL33051,IC50,IC50,0.46,inactive,359.21299999999997,-6.191599999999997,2.0,4.0,3.337242168318426
CNC(NCCNCc1ccc(CN(C)C)o1)=C(C#N)C#N,CHEMBL155392,IC50,IC50,630.0,active,302.38200000000006,0.4985600000000012,3.0,7.0,6.200659450546418
CNC(NCCNCc1ccc(CN(C(C)C)C(C)C)o1)=C(C#N)C#N,CHEMBL153311,IC50,IC50,2100.0,intermediate,358.4900000000002,2.0557600000000003,3.0,7.0,5.6777807052660805
CC(C)N(CCS/C(=N\O)C(=O)c1ccc(Cl)cc1)C(C)C.Cl,CHEMBL543546,IC50,IC50,0.33,inactive,379.353,4.5842000000000045,1.0,5.0,3.4814860601221125
C[n+]1ccccc1C=NO,CHEMBL1420,IC50,IC50,0.34,inactive,137.162,0.3191999999999999,1.0,2.0,3.4685210829577446
CCN(CC)CCS/C(=N\O)C(=O)c1ccccc1.Cl,CHEMBL556172,IC50,IC50,1.0,inactive,316.854,3.1538000000000017,1.0,5.0,3.0
CC1CCN(Cc2ccc(CNCCN3CCNC3=C(C#N)C#N)o2)CC1,CHEMBL154263,IC50,IC50,290.0,active,368.4850000000001,1.76506,2.0,7.0,6.5376020021010435
CCN(CC)CCS/C(=N\O)C(=O)c1ccc(Br)cc1.Cl,CHEMBL544669,IC50,IC50,0.21,inactive,395.74999999999994,3.9163000000000037,1.0,5.0,3.677780705266081
CN1CC[C@@]2(C)c3cc(OC(=O)NCCCCCCCCCCCN4CCOCC4)ccc3N(C)[C@@H]12,CHEMBL62664,IC50,IC50,0.04,active,500.72800000000046,4.987200000000005,1.0,6.0,7.3979400086720375
N#CC(C#N)=C1NCCN1CCNCc1ccc(CN2CCCC2)o1,CHEMBL155111,IC50,IC50,80.0,active,340.43100000000015,1.1289599999999989,2.0,7.0,7.096910013008056
Cl.N#CC(C#N)=C1NCCN1CCNCc1ccc(CN2CC=CCC2)o1,CHEMBL1203534,IC50,IC50,95.0,active,388.9030000000002,1.7168599999999998,2.0,7.0,7.022276394711152
CN(C)CCS/C(=N\O)C(=O)c1ccc(Br)cc1.Cl,CHEMBL541044,IC50,IC50,0.71,inactive,367.69599999999997,3.136100000000002,1.0,5.0,3.1487416512809245
CCN(CC)CCS/C(=N\O)C(=O)c1ccc(C#N)cc1.Cl,CHEMBL543779,IC50,IC50,0.18,inactive,341.864,3.0254800000000013,1.0,6.0,3.744727494896694
CNC(NCCNCc1ccc(COC)o1)=C(C#N)C#N,CHEMBL155495,IC50,IC50,20000.0,inactive,289.339,0.5833600000000008,3.0,7.0,4.698970004336019
CN1CC[C@@]2(C)c3cc(OC(=O)NCCCCCCCCCN4CCOCC4)ccc3N(C)[C@@H]12,CHEMBL64011,IC50,IC50,0.06,active,472.6740000000004,4.207000000000003,1.0,6.0,7.221848749616356
CN1CC[C@@]2(C)c3cc(OC(=O)NCCCCCCCCCCCCN4CCOCC4)ccc3N(C)[C@@H]12,CHEMBL65585,IC50,IC50,0.07,active,514.7550000000006,5.377300000000006,1.0,6.0,7.154901959985743
CNC(NCCNCc1ccc(CN2CCCC2)o1)=C(C#N)C#N,CHEMBL347539,IC50,IC50,280.0,active,328.4200000000001,1.0327600000000006,3.0,7.0,6.552841968657781
N#CC(C#N)=C1NCCN1CCNCc1ccc(CN2CCOCC2)o1,CHEMBL154433,IC50,IC50,11000.0,inactive,356.4300000000002,0.36536000000000035,2.0,8.0,4.958607314841775
N#CC(C#N)=C1NCCN1CCNCc1ccc(CN2CCSCC2)o1,CHEMBL157208,IC50,IC50,1500.0,intermediate,372.49800000000016,1.0819599999999991,2.0,8.0,5.823908740944319
CNC(=C[N+](=O)[O-])NCCSCc1ccc(CN(C)C)o1,CHEMBL1790041,IC50,IC50,650.0,active,314.411,1.4589999999999999,2.0,7.0,6.187086643357144
CN1CC[C@@]2(C)c3cc(OC(=O)NCCCCCCN4CCOCC4)ccc3N(C)[C@@H]12,CHEMBL65356,IC50,IC50,0.93,active,430.59300000000025,3.0367000000000015,1.0,6.0,6.031517051446065
CC1CCCN(Cc2ccc(CNCCN3CCNC3=C(C#N)C#N)o2)C1,CHEMBL154366,IC50,IC50,370.0,active,368.4850000000001,1.7650599999999999,2.0,7.0,6.431798275933005
CC1CCCC(C)N1Cc1ccc(CNCCN2CCNC2=C(C#N)C#N)o1,CHEMBL153821,IC50,IC50,4500.0,intermediate,382.51200000000017,2.2960599999999998,2.0,7.0,5.346787486224656
CC[N+](C)(CC)CCS/C(=N\O)C(=O)c1ccc(F)cc1.[Cl-],CHEMBL416644,IC50,IC50,0.72,inactive,348.871,0.01970000000000144,1.0,4.0,3.1426675035687315
CNC(=O)Oc1ccc2c(c1)[C@]1(C)CCN(C)[C@@H]1N2C,CHEMBL94,IC50,IC50,0.03,active,275.352,1.7739,1.0,4.0,7.522878745280337
CN1CC[C@@]2(C)c3cc(OC(=O)NCCCCCN4CCOCC4)ccc3N(C)[C@@H]12,CHEMBL303574,IC50,IC50,7.6,intermediate,416.5660000000002,2.6466000000000003,1.0,6.0,5.119186407719209
CN1CC[C@@]2(C)c3cc(OC(=O)NCCCCCCCCN4CCOCC4)ccc3N(C)[C@@H]12,CHEMBL65018,IC50,IC50,0.08,active,458.64700000000033,3.816900000000002,1.0,6.0,7.096910013008056
CC[N+](C)(CC)CCS/C(=N\O)C(=O)c1ccc(C#N)cc1.[Cl-],CHEMBL296277,IC50,IC50,1.0,inactive,355.8910000000001,-0.2477199999999986,1.0,5.0,3.0
CN1CC[C@@]2(C)c3cc(OC(=O)NCCCCCCCN4CCOCC4)ccc3N(C)[C@@H]12,CHEMBL66309,IC50,IC50,0.38,active,444.6200000000003,3.426800000000002,1.0,6.0,6.42021640338319
COC1CCCN(Cc2ccc(CNCCN3CCNC3=C(C#N)C#N)o2)C1.Cl,CHEMBL1203535,IC50,IC50,3300.0,intermediate,420.9450000000002,1.5657600000000003,2.0,8.0,5.481486060122113
C[N+](C)(C)CCS/C(=N\O)C(=O)c1ccc(Br)cc1.[I-],CHEMBL296560,IC50,IC50,1.0,inactive,473.174,-0.13709999999999978,1.0,4.0,3.0
CN(C)CCS/C(=N\O)C(=O)c1cccc2ccccc12.Cl,CHEMBL555477,IC50,IC50,,intermediate,338.86000000000007,3.526800000000003,1.0,5.0,
N#CC(C#N)=C1NCCN1CCNCc1ccc(CN2CCCC(O)C2)o1,CHEMBL152260,IC50,IC50,370.0,active,370.45700000000016,0.4898599999999996,3.0,8.0,6.431798275933005
C/N=c1\c(O)c(O)\c1=N/CCNCc1ccc(CN2CCCCC2)o1,CHEMBL154950,IC50,IC50,9300.0,intermediate,346.43100000000015,0.7732999999999994,3.0,7.0,5.031517051446065
CN(C)CCCS/C(=N\O)C(=O)c1ccc(Br)cc1.O=C(O)C(=O)O,CHEMBL296669,IC50,IC50,1.0,inactive,435.2960000000001,2.26,3.0,7.0,3.0
Cl.N#CC(C#N)=C1NCCN1CCNCc1ccc(CN2CCCCCC2)o1,CHEMBL1203538,IC50,IC50,120.0,active,404.9460000000003,2.33096,2.0,7.0,6.920818753952375
COc1ccccc1CNCCCCCCNCCSSCCNCCCCCCNCc1ccccc1OC,CHEMBL19060,IC50,Log IC50,5.14,inactive,590.9440000000003,6.264600000000006,4.0,8.0,1.0
COc1ccccc1CNCCCCCCNCCCCCCCNCCCCCCNCc1ccccc1OC,CHEMBL422977,IC50,Log IC50,5.35,inactive,568.8910000000004,6.833700000000007,4.0,6.0,1.0
COc1ccccc1CN(C)CCCCCC(=O)N(C)CCCCCCCCN(C)C(=O)CCCCCN(C)Cc1ccccc1OC,CHEMBL11805,IC50,Log IC50,6.77,inactive,666.9920000000003,7.64580000000001,0.0,6.0,1.0
COc1ccccc1CNCCCCCCNCCCCCCNCCCCCCNCc1ccccc1OC,CHEMBL302179,IC50,Log IC50,5.19,inactive,554.8640000000004,6.443600000000006,4.0,6.0,1.0
CNC(=O)Oc1ccc2c(c1)[C@]1(C)CCN(C)[C@@H]1N2C,CHEMBL94,IC50,Log IC50,7.85,inactive,275.352,1.7739,1.0,4.0,1.0
COc1ccccc1CNCCCCCCNCCCCCCCCNCCCCCCNCc1ccccc1OC,CHEMBL27673,IC50,Log IC50,5.27,inactive,582.9180000000005,7.223800000000008,4.0,6.0,1.0
COc1ccccc1CNCCCCCC(=O)N(C)CCCCCCCCN(C)C(=O)CCCCCNCc1ccccc1OC,CHEMBL132377,IC50,Log IC50,6.51,inactive,638.9380000000004,6.961400000000008,2.0,6.0,1.0
NCCCCCCNCCSSCCNCCCCCCN,CHEMBL132133,IC50,Log IC50,3.3,inactive,350.6420000000003,2.5851999999999995,4.0,6.0,1.0
Nc1c2c(nc3ccccc13)CCCC2,CHEMBL95,IC50,Log IC50,6.66,inactive,198.26899999999992,2.695800000000001,1.0,2.0,1.0
COc1ccccc1CNCCCCCC(=O)NCCCCCCCCNC(=O)CCCCCNCc1ccccc1OC,CHEMBL134488,IC50,Log IC50,5.73,inactive,610.8840000000005,6.2770000000000055,4.0,6.0,1.0
COc1ccccc1CNCCCCCCNCCCCCNCCCCCCNCc1ccccc1OC,CHEMBL134382,IC50,Log IC50,5.14,inactive,540.8370000000003,6.053500000000005,4.0,6.0,1.0
NC12CC(C(F)(F)F)=CC(Cc3nc(O)ccc31)/C2=C\C(F)(F)F,CHEMBL59109,IC50,IC50,3.0,intermediate,350.26200000000006,3.494600000000001,2.0,3.0,5.522878745280337
C[n+]1ccn(COCC(C)(C)[N+](=O)[O-])c1/C=N/O.[Cl-],CHEMBL286990,IC50,IC50,10.6,inactive,292.72299999999996,-2.8458999999999968,1.0,6.0,4.97469413473523
C/C=C1\C2C=C(C(F)(F)F)CC1(N)c1ccc(O)nc1C2,CHEMBL294891,IC50,IC50,0.4,active,296.29200000000003,2.9522000000000004,2.0,3.0,6.3979400086720375
C/C=C1\[C@H]2C=C(C)C[C@@]1(N)c1ccc(=O)[nH]c1C2,CHEMBL1255901,IC50,IC50,0.005,active,242.32199999999997,1.9975,2.0,2.0,8.301029995663981
Nc1c2c(nc3ccccc13)CCCC2,CHEMBL95,IC50,IC50,0.254,active,198.26899999999992,2.695800000000001,1.0,2.0,6.5951662833800615
Nc1c2c(nc3ccccc13)-c1ccccc1CO2,CHEMBL89011,IC50,IC50,245.0,inactive,248.28499999999997,3.376400000000002,1.0,3.0,3.6108339156354674
C[n+]1ccccc1/C=N/O.[Cl-],CHEMBL748,IC50,IC50,366.0,inactive,172.615,-2.6767999999999983,1.0,2.0,3.4365189146055894
Nc1cc(-c2ccccc2)nc2ccccc12,CHEMBL50608,IC50,IC50,11.48,inactive,220.275,3.4840000000000018,1.0,2.0,4.940058111938045
CN(CCn1cc[n+](C)c1/C=N/O)S(C)(=O)=O.[Cl-],CHEMBL29300,IC50,IC50,6.8,intermediate,296.78,-3.9838999999999958,1.0,5.0,5.167491087293763
C[n+]1ccn(COCCS(C)(=O)=O)c1/C=N/O.[Cl-],CHEMBL27675,IC50,IC50,26.5,inactive,297.764,-3.856599999999996,1.0,6.0,4.576754126063192
CC1=CC2Cc3nc(O)ccc3C(N)(C1)/C2=C/C(F)(F)F,CHEMBL435373,IC50,IC50,2.0,intermediate,296.292,2.9522000000000004,2.0,3.0,5.698970004336019
Nc1c2c(nc3ccccc13)-c1ccccc1C2,CHEMBL60167,IC50,IC50,0.676,active,232.28599999999997,3.388200000000001,1.0,2.0,6.170053304058364
Nc1c2c(nc3ccccc13)-c1ccccc1CC2,CHEMBL89012,IC50,IC50,2.98,intermediate,246.31299999999996,3.582600000000002,1.0,2.0,5.525783735923745
Nc1c2c(nc3ccccc13)-c1ccccc1CS2,CHEMBL314800,IC50,IC50,18.58,inactive,264.35299999999995,4.0897000000000014,1.0,3.0,4.730954290342377
C[n+]1ccn(CCN2CCCC2)c1/C=N/O.[Cl-],CHEMBL553212,IC50,IC50,17.9,inactive,258.753,-2.779499999999996,1.0,4.0,4.747146969020107
C/N=C1/CCc2c1n(C)c1ccc(OC(=O)NCc3ccccc3)c(Br)c21,CHEMBL156630,IC50,IC50,4.19,intermediate,426.3140000000001,4.5945000000000045,1.0,4.0,5.377785977033705
COc1cc2cc(C(=O)CC(O)C3CC[N+](C)(Cc4ccccc4)CC3)sc2cc1OC.[Br-],CHEMBL315013,IC50,IC50,0.219,active,534.5160000000002,1.9129999999999998,1.0,5.0,6.6595558851598815
C/N=C1/CCc2c1n(C)c1ccc(OC(=O)NC)c(Cl)c21,CHEMBL155754,IC50,IC50,0.23,active,305.76500000000004,2.915000000000001,1.0,4.0,6.638272163982407
COc1cc2cc(C(=O)CC3=CC[N+](C)(Cc4ccccc4)CC3)sc2cc1OC.[Br-],CHEMBL314658,IC50,IC50,0.75,active,502.47400000000016,2.472200000000001,0.0,4.0,6.1249387366083
COc1cc2cc(C(=O)CCc3cc[n+](Cc4ccccc4)cc3)sc2cc1OC,CHEMBL87170,IC50,IC50,0.0046,active,418.53800000000007,5.069800000000005,0.0,4.0,8.337242168318426
COc1cc2cc(C(=O)CCC3CC[N+](C)(CCOc4ccccc4)CC3)sc2cc1OC.[Br-],CHEMBL87959,IC50,IC50,0.39,active,548.5430000000001,2.8210000000000015,0.0,5.0,6.4089353929735005
CCC[n+]1ccc(CCC(=O)c2cc3cc(OC)c(OC)cc3s2)cc1.[Br-],CHEMBL87295,IC50,IC50,2.57,intermediate,450.3980000000001,1.4354999999999998,0.0,4.0,5.590066876668706
COc1cc2cc(C(=O)CCc3cc[n+](CC4CCC4)cc3)sc2cc1OC.[Br-],CHEMBL82810,IC50,IC50,0.04,active,476.4360000000001,1.8256000000000003,0.0,4.0,7.3979400086720375
C/N=C1/CCc2c1n(C)c1cc(Cl)c(OC(=O)NC)cc21,CHEMBL157182,IC50,IC50,0.67,active,305.765,2.915000000000001,1.0,4.0,6.173925197299173
COc1cc2cc(C(=O)CCCCC3CC[N+](C)(Cc4ccccc4)CC3)sc2cc1OC.[Br-],CHEMBL88049,IC50,IC50,0.11,active,546.5710000000001,3.722400000000003,0.0,4.0,6.958607314841775
CC[n+]1ccc(CCC(=O)c2cc3cc(OC)c(OC)cc3s2)cc1.[Br-],CHEMBL87128,IC50,IC50,0.28,active,436.37100000000004,1.0453999999999999,0.0,4.0,6.552841968657781
CNC(=O)Oc1ccc2c(c1)c1c(n2C)/C(=N\CCc2ccccc2)CC1,CHEMBL160219,IC50,IC50,0.16,active,361.4450000000001,3.874500000000003,1.0,4.0,6.795880017344075
CCCn1c2c(c3c(Br)c(OC(=O)NC)ccc31)CC/C2=N/CC,CHEMBL445916,IC50,IC50,0.23,active,392.2970000000002,4.287200000000003,1.0,4.0,6.638272163982407
COc1cc2cc(C(O)C3CC[N+](C)(Cc4ccccc4)CC3)sc2cc1OC.[Br-],CHEMBL85473,IC50,IC50,19.58,inactive,492.47900000000016,2.0126999999999997,1.0,4.0,4.708187312532881
COc1cc2cc(C(=O)CCC3CC[N+](C)(CC#N)CC3)sc2cc1OC.[Br-],CHEMBL314502,IC50,IC50,1.0,active,467.4290000000001,1.2655800000000001,0.0,5.0,6.0
COCC[N+]1(C)CCC(CCC(=O)c2cc3cc(OC)c(OC)cc3s2)CC1.[Br-],CHEMBL87320,IC50,IC50,0.053,active,486.4720000000002,1.3884000000000007,0.0,5.0,7.275724130399211
COC(=O)c1ccc(C[n+]2ccc(CCC(=O)c3cc4cc(OC)c(OC)cc4s3)cc2)cc1,CHEMBL87280,IC50,IC50,1.0,active,476.5740000000002,4.856400000000004,0.0,6.0,6.0
CCCCNC(=O)Oc1ccc2c(c1Br)c1c(n2C)/C(=N\C)CC1,CHEMBL348607,IC50,IC50,3.17,intermediate,392.2970000000002,4.1944000000000035,1.0,4.0,5.498940737782249
COc1cc2cc(C(=O)C=C3CC[N+](C)(Cc4ccccc4)CC3)sc2cc1OC.[Br-],CHEMBL313809,IC50,IC50,0.52,active,502.47400000000016,2.472200000000001,0.0,4.0,6.2839966563652006
COc1cc2cc(C(=O)CCc3cc[n+](Cc4ccc(F)cc4)cc3)sc2cc1OC,CHEMBL87849,IC50,IC50,0.0026,active,436.5280000000001,5.208900000000005,0.0,4.0,8.585026652029182
COc1cc2cc(C(=O)CC(OC)C3CC[N+](C)(Cc4ccccc4)CC3)sc2cc1OC.[Br-],CHEMBL314398,IC50,IC50,0.12,active,548.5430000000002,2.567100000000001,0.0,5.0,6.920818753952375
COc1cc2cc(C(=O)CCc3cc[n+](CC4CC4)cc3)sc2cc1OC.[Br-],CHEMBL87373,IC50,IC50,0.11,active,462.40900000000005,1.4355,0.0,4.0,6.958607314841775
C/N=C1/CCc2c1n(C)c1ccc(OC(=O)NC)cc21,CHEMBL156931,IC50,IC50,3.36,intermediate,271.32,2.2616000000000005,1.0,4.0,5.473660722610156
COc1cc2cc(C(=O)CC3(O)CC[N+](C)(Cc4ccccc4)CC3)sc2cc1OC.[Br-],CHEMBL83005,IC50,IC50,0.09,active,520.4890000000001,1.6669999999999998,1.0,5.0,7.045757490560675
COc1cc2cc(C(=O)CCC3CC[N+](C)(CC4CCCCO4)CC3)sc2cc1OC.[Br-],CHEMBL315515,IC50,IC50,0.028,active,526.5370000000003,2.3110999999999997,0.0,5.0,7.552841968657781
COc1cc2cc(C(=O)CCc3cc[n+](C)cc3)sc2cc1OC.[Br-],CHEMBL441632,IC50,IC50,0.9,active,422.34400000000005,0.5624999999999998,0.0,4.0,6.045757490560675
COCC[n+]1ccc(CCC(=O)c2cc3cc(OC)c(OC)cc3s2)cc1,CHEMBL87937,IC50,IC50,0.03,active,386.4930000000001,3.667900000000003,0.0,5.0,7.522878745280337
COc1cc2cc(C(=O)CC(O)CCC3CC[N+](C)(Cc4ccccc4)CC3)sc2cc1OC.[Br-],CHEMBL441808,IC50,IC50,0.38,active,562.5700000000002,2.693200000000001,1.0,5.0,6.42021640338319
COc1cc2cc(C(=O)CCc3cc[n+](Cc4ccsc4)cc3)sc2cc1OC,CHEMBL87649,IC50,IC50,0.006,active,424.56700000000006,5.131300000000005,0.0,5.0,8.221848749616356
CC/N=C1/CCc2c1n(C)c1ccc(OC(=O)NC)c(Br)c21,CHEMBL160836,IC50,IC50,0.14,active,364.24300000000005,3.414200000000002,1.0,4.0,6.853871964321762
C/N=C1/CCc2c1n(C)c1ccc(OC(=O)NC)c(Br)c21,CHEMBL156861,IC50,IC50,0.18,active,350.216,3.0241000000000016,1.0,4.0,6.7447274948966935
COC(=O)C[N+]1(C)CCC(CCC(=O)c2cc3cc(OC)c(OC)cc3s2)CC1.[Br-],CHEMBL314766,IC50,IC50,0.054,active,500.4550000000002,0.9150000000000009,0.0,6.0,7.267606240177032
COc1cc2cc(C(=O)CC(O)C3CC[N+](C)(Cc4ccccc4)CC3)sc2cc1OC.[Br-],CHEMBL315013,IC50,IC50,0.665,active,534.5160000000002,1.9129999999999998,1.0,5.0,6.1771783546968955
COc1cc2cc(C(=O)CCC3CC[N+](C)(Cc4ccccc4)CC3)sc2cc1OC.[Br-],CHEMBL88026,IC50,IC50,0.008,active,518.517,2.9422000000000015,0.0,4.0,8.096910013008056
COc1cc2cc(CC3CC[N+](C)(Cc4ccccc4)CC3)sc2cc1OC.[Br-],CHEMBL86233,IC50,IC50,10.0,inactive,476.48000000000013,2.5218000000000007,0.0,3.0,5.0
CC/N=C1/CCc2c1n(C)c1ccc(OC(=O)NC)c(Cl)c21,CHEMBL155350,IC50,IC50,0.16,active,319.7920000000001,3.3051000000000013,1.0,4.0,6.795880017344075
CCCCCCCNC(=O)Oc1ccc2c(c1)[C@]1(C)CCN(C)[C@@H]1N2C,CHEMBL433041,IC50,IC50,0.009,active,359.5140000000002,4.114500000000003,1.0,4.0,8.045757490560675
CCC/N=C1/CCc2c1n(C)c1ccc(OC(=O)NC)cc21,CHEMBL155863,IC50,IC50,3.84,intermediate,299.37399999999997,3.041800000000001,1.0,4.0,5.4156687756324695
C=CC[n+]1ccc(CCC(=O)c2cc3cc(OC)c(OC)cc3s2)cc1.[Br-],CHEMBL87980,IC50,IC50,0.54,active,448.38200000000006,1.2114999999999998,0.0,4.0,6.267606240177032
CCOCC[n+]1ccc(CCC(=O)c2cc3cc(OC)c(OC)cc3s2)cc1,CHEMBL87441,IC50,IC50,0.007,active,400.5200000000001,4.058000000000003,0.0,5.0,8.154901959985743
COc1cc2cc(C(=O)CC(O)C3CC[N+](C)(Cc4ccccc4)CC3)sc2cc1OC.[Br-],CHEMBL315013,IC50,IC50,0.043,active,534.5160000000002,1.9129999999999998,1.0,5.0,7.366531544420414
C/N=C1/CCc2c1n(C)c1ccc(OC(=O)N(C)C)c(Br)c21,CHEMBL158946,IC50,IC50,0.06,active,364.24300000000005,3.3663000000000025,0.0,4.0,7.221848749616356
COc1cc2cc(C(=O)CC(O)C3CC[N+](C)(Cc4ccccc4)CC3)sc2cc1OC.[Br-],CHEMBL315013,IC50,IC50,0.19,active,534.5160000000002,1.9129999999999998,1.0,5.0,6.721246399047171
COc1cc2cc(C=C3CC[N+](C)(Cc4ccccc4)CC3)sc2cc1OC.[Br-],CHEMBL87550,IC50,IC50,2.67,intermediate,474.46400000000017,2.746500000000001,0.0,3.0,5.573488738635425
COc1cc2cc(C(=O)CCc3cc[n+](Cc4ccc([N+](=O)[O-])o4)cc3)sc2cc1OC.[Br-],CHEMBL609440,IC50,IC50,0.0045,active,533.4000000000001,1.5750000000000004,0.0,7.0,8.346787486224656
CC/N=C1/CCc2c1n(C)c1ccc(OC(=O)NC)cc21,CHEMBL350464,IC50,IC50,5.68,intermediate,285.34700000000004,2.651700000000001,1.0,4.0,5.245651664288981
COc1cc2cc(C(=O)CCC3CC[N+](C)(Cc4ccc([N+](=O)[O-])o4)CC3)sc2cc1OC.[Br-],CHEMBL313271,IC50,IC50,0.032,active,553.4750000000001,2.4434000000000005,0.0,7.0,7.494850021680094
COc1cc2cc(C(=O)CCC3CC[N+](C)(CC(=O)OC(C)(C)C)CC3)sc2cc1OC.[Br-],CHEMBL423313,IC50,IC50,0.079,active,542.5360000000003,2.0837,0.0,6.0,7.102372908709558
CNC(=O)Oc1ccc2c(c1)[C@]1(C)CCNC1N2,CHEMBL309667,IC50,IC50,10.9,active,247.29799999999997,1.4073999999999998,3.0,4.0,7.962573502059376
C[C@@]12CCNC1Nc1ccc(OC(=O)Nc3ccccc3)cc12,CHEMBL419470,IC50,IC50,22.1,active,309.369,3.3001000000000014,3.0,4.0,7.655607726314889
CNC(=O)Oc1ccc2c(c1)[C@]1(C)CCN(C)C1N2Cc1ccccc1,CHEMBL80221,IC50,IC50,161.0,active,351.45000000000005,3.3443000000000023,1.0,4.0,6.79317412396815
CNC(=O)Oc1ccc2c(c1)[C@]1(C)CCN(C)[C@@H]1N2C,CHEMBL94,IC50,IC50,27.9,active,275.352,1.7739,1.0,4.0,7.554395796726403
Nc1c2c(nc3ccccc13)C1CCC2C1,CHEMBL431844,IC50,IC50,31.5,active,210.27999999999994,3.181700000000002,1.0,2.0,7.501689446210399
CN1c2ccc(OC(=O)Nc3ccccc3)cc2[C@]2(C)CCNC12,CHEMBL80247,IC50,IC50,13.8,active,323.3960000000001,3.3244000000000016,2.0,4.0,7.860120913598763
CN1CC[C@@]2(C)c3cc(OC(=O)Nc4ccccc4)ccc3NC12,CHEMBL418917,IC50,IC50,40.8,active,323.396,3.6423000000000014,2.0,4.0,7.38933983691012
CNC(=O)Oc1ccc2c(c1)[C@]1(C)CCN(Cc3ccccc3)C1N2Cc1ccccc1,CHEMBL77896,IC50,IC50,1090.0,intermediate,427.54800000000006,4.914700000000005,1.0,4.0,5.962573502059376
Nc1c2c(nc3c(Cl)cccc13)CCCC2,CHEMBL369661,IC50,IC50,68.9,active,232.71399999999997,3.3492000000000015,1.0,2.0,7.161780778092374
C[C@]12CCN(Cc3ccccc3)C1N(Cc1ccccc1)c1ccc(OC(=O)Nc3ccccc3)cc12,CHEMBL419457,IC50,IC50,,intermediate,489.6190000000002,6.807400000000007,1.0,4.0,
CNC(=O)Oc1ccc2c(c1)[C@]1(C)CCN(C)[C@@H]1N2C,CHEMBL94,IC50,IC50,61.0,active,275.352,1.7739,1.0,4.0,7.214670164989233
COc1cc2c(cc1OC)C(=O)C(CC1CCN(Cc3ccccc3)CC1)C2,CHEMBL502,IC50,IC50,2.33,active,379.50000000000017,4.361100000000004,0.0,4.0,8.63264407897398
CNC(=O)Oc1ccc2c(c1)[C@]1(C)CCNC1N2C,CHEMBL74089,IC50,IC50,21.0,active,261.325,1.4317,2.0,4.0,7.6777807052660805
Nc1c2c(nc3cccc(Cl)c13)CCCC2,CHEMBL134057,IC50,IC50,9.4,active,232.7139999999999,3.3492000000000015,1.0,2.0,8.0268721464003
CNC(=O)Oc1ccc2c(c1)[C@@]1(C)CCN(C)C1N2C,CHEMBL76640,IC50,IC50,9890.0,intermediate,275.352,1.7739,1.0,4.0,5.004803708402821
CNC(=O)Oc1ccc2c(c1)[C@]1(C)CCN(Cc3ccccc3)C1N2C,CHEMBL76241,IC50,IC50,330.0,active,351.45,3.3443000000000023,1.0,4.0,6.481486060122113
CNC(=O)Oc1ccc2c(c1)[C@]1(C)CCN(C)C1N2,CHEMBL431784,IC50,IC50,56.7,active,261.32499999999993,1.7496,2.0,4.0,7.246416941107094
Nc1c2c(nc3ccccc13)CCCC2O,CHEMBL51934,IC50,IC50,164.0,active,214.26799999999994,2.1867000000000005,2.0,3.0,6.785156151952302
Nc1c2c(nc3cc(Cl)ccc13)C1CCC2C1,CHEMBL352500,IC50,IC50,4.5,active,244.72499999999997,3.8351000000000015,1.0,2.0,8.346787486224656
CN1CC[C@@]2(C)C3=CC(=O)C(=O)C=C3N(C)C12,CHEMBL311118,IC50,IC50,,intermediate,232.283,0.5617999999999999,0.0,4.0,
Nc1c2c(nc3cc(Cl)ccc13)CCCC2,CHEMBL292314,IC50,IC50,1.8,active,232.71399999999994,3.3492000000000015,1.0,2.0,8.744727494896694
Nc1c2c(nc3c(Cl)cccc13)C1CCC2C1,CHEMBL355740,IC50,IC50,84.3,active,244.725,3.8351000000000015,1.0,2.0,7.074172425375258
CN1CC[C@@]2(C)c3cc(OC(=O)Nc4ccccc4)ccc3N(C)C12,CHEMBL54727,IC50,IC50,24.0,active,337.42300000000006,3.6666000000000025,1.0,4.0,7.619788758288394
CN1CC[C@]2(C)c3cc(OC(=O)Nc4ccccc4)ccc3N(C)C12,CHEMBL75919,IC50,IC50,3500.0,intermediate,337.42300000000006,3.6666000000000025,1.0,4.0,5.455931955649724
Nc1c2c(nc3ccccc13)CCCC2,CHEMBL95,IC50,IC50,33.5,active,198.26899999999992,2.695800000000001,1.0,2.0,7.474955192963154
C[C@]12CCNC1Nc1ccc(OC(=O)Nc3ccccc3)cc12,CHEMBL309351,IC50,IC50,231.0,active,309.369,3.3001000000000014,3.0,4.0,6.636388020107856
CN1CC[C@@]2(C)c3cc(O)ccc3N(C)[C@@H]12,CHEMBL310934,IC50,IC50,,intermediate,218.3,1.7612999999999999,1.0,3.0,
CNC(=O)Oc1ccc2c(c1)[C@@]1(C)CCNC1N2,CHEMBL75743,IC50,IC50,1490.0,intermediate,247.29799999999997,1.4073999999999998,3.0,4.0,5.826813731587726
C[C@@]12CCN(Cc3ccccc3)C1N(Cc1ccccc1)c1ccc(OC(=O)Nc3ccccc3)cc12,CHEMBL76135,IC50,IC50,41130.0,inactive,489.6190000000002,6.807400000000007,1.0,4.0,4.385841290490825
CNC(=O)Oc1ccc2c(c1)[C@@]1(C)CCN(Cc3ccccc3)C1N2Cc1ccccc1,CHEMBL440497,IC50,IC50,3560.0,intermediate,427.54800000000006,4.914700000000005,1.0,4.0,5.448550002027125
Nc1c2c(nc3cccc(Cl)c13)C1CCC2C1,CHEMBL368196,IC50,IC50,42.2,active,244.72499999999994,3.8351000000000015,1.0,2.0,7.374687549038326
Nc1c2c(nc3ccc(Cl)cc13)CCCC2,CHEMBL62084,IC50,IC50,743.0,active,232.7139999999999,3.3492000000000015,1.0,2.0,6.129011186239425
Nc1c2c(nc3ccc(Cl)cc13)C1CCC2C1,CHEMBL172118,IC50,IC50,1100.0,intermediate,244.72499999999994,3.8351000000000015,1.0,2.0,5.958607314841775
Cl.Cl.O.c1ccc(CN2CCC(CCOc3ccc(-c4ccccc4)nn3)CC2)cc1,CHEMBL1202875,IC50,IC50,710.0,active,464.4370000000001,4.843600000000005,0.0,4.0,6.1487416512809245
Nc1c2c(nc3ccccc13)CCCC2,CHEMBL95,IC50,IC50,143.0,active,198.26899999999992,2.695800000000001,1.0,2.0,6.844663962534939
Nc1c2c(nc3ccc(Cl)cc13)CCCC2,CHEMBL62084,IC50,IC50,3680.0,intermediate,232.7139999999999,3.3492000000000015,1.0,2.0,5.434152181326482
Nc1c2c(nc3cccc(Cl)c13)CCCC2,CHEMBL134057,IC50,IC50,39.0,active,232.7139999999999,3.3492000000000015,1.0,2.0,7.4089353929735005
Nc1c2c(nc3c1CCCO3)CCCC2,CHEMBL436367,IC50,IC50,455.0,active,204.27299999999994,1.8676000000000001,1.0,3.0,6.341988603342887
COc1cccc2nc3c(c(N)c12)CCCC3,CHEMBL132365,IC50,IC50,615.0,active,228.29499999999993,2.7044000000000006,1.0,3.0,6.211124884224583
Cl.Cl.c1ccc(CN2CCC(CCNc3ccc(-c4ccccc4)nn3)CC2)cc1,CHEMBL3215535,IC50,IC50,140.0,active,445.4380000000001,5.701400000000006,1.0,4.0,6.853871964321762
Cl.Cl.O.c1ccc(CN2CCC(CCNc3cc4c(nn3)-c3ccccc3CCC4)CC2)cc1,CHEMBL1202865,IC50,IC50,120.0,active,503.5180000000003,5.365400000000004,1.0,4.0,6.920818753952375
Nc1c2c(nc3cccc(F)c13)OCCC2,CHEMBL133520,IC50,IC50,335.0,active,218.2309999999999,2.2811000000000003,1.0,3.0,6.474955192963154
Nc1c2c(nc3cnccc13)OCCC2,CHEMBL130373,IC50,IC50,42.0,active,201.22899999999996,1.537,1.0,4.0,7.376750709602099
Nc1c2c(nc3ccccc13)CCCC2,CHEMBL95,IC50,IC50,95.0,active,198.26899999999992,2.695800000000001,1.0,2.0,7.022276394711152
Cl.Cl.O.c1ccc(CN2CCC(CCNc3cc4ccc5ccccc5c4nn3)CC2)cc1,CHEMBL1202884,IC50,IC50,190.0,active,487.4750000000002,5.516100000000005,1.0,4.0,6.721246399047171
Nc1c2c(nc3c1CCCC3)CCCC2,CHEMBL263198,IC50,IC50,360.0,active,202.30099999999993,2.4214,1.0,2.0,6.443697499232712
Cc1cccc2nc3c(c(N)c12)CCCC3,CHEMBL133906,IC50,IC50,99.0,active,212.29599999999994,3.004220000000002,1.0,2.0,7.00436480540245
Cl.O.c1ccc(CN2CCC(CCN=c3cc4c(n[nH]3)-c3ccccc3C4)CC2)cc1,CHEMBL1204162,IC50,IC50,74.0,active,439.00300000000016,3.7810000000000024,1.0,3.0,7.130768280269024
Nc1c2c(nc3ccc(Cl)cc13)OCCC2,CHEMBL134240,IC50,IC50,9810.0,intermediate,234.68599999999992,2.7954000000000008,1.0,3.0,5.008330992620052
Nc1c2c(nc3cccc(F)c13)CCCC2,CHEMBL132030,IC50,IC50,78.0,active,216.2589999999999,2.834900000000001,1.0,2.0,7.107905397309519
Nc1c2c(nc3ncccc13)CCCC2,CHEMBL133448,IC50,IC50,429.0,active,199.25699999999995,2.0907999999999998,1.0,3.0,6.367542707815276
Nc1c2c(nc3c1CCC3)CCCC2,CHEMBL130880,IC50,IC50,658.0,active,188.27399999999994,2.0313,1.0,2.0,6.181774106386045
Cl.Cl.c1ccc(CN2CCC(CCSc3ccc(-c4ccccc4)nn3)CC2)cc1,CHEMBL1202874,IC50,IC50,470.0,active,462.4900000000001,6.381600000000006,0.0,4.0,6.327902142064283
Nc1c2c(nc3ncccc13)OCCC2,CHEMBL133441,IC50,IC50,6262.0,intermediate,201.22899999999996,1.537,1.0,4.0,5.2032869367191035
Nc1c2c(nc3cnccc13)CCCC2,CHEMBL130427,IC50,IC50,2600.0,intermediate,199.25699999999995,2.0907999999999998,1.0,3.0,5.585026652029182
COc1cccc2nc3c(c(N)c12)CCCO3,CHEMBL134154,IC50,IC50,606.0,active,230.26699999999994,2.1506,1.0,4.0,6.217527375833714
Nc1c2c(nc3ccccc13)OCCC2,CHEMBL132260,IC50,IC50,266.0,active,200.24099999999993,2.1420000000000003,1.0,3.0,6.575118363368933
Cc1cc(=NCCC2CCN(Cc3ccccc3)CC2)[nH]nc1-c1ccccc1.Cl.Cl.O,CHEMBL1204299,IC50,IC50,39.0,active,477.48000000000013,4.607020000000007,1.0,3.0,7.4089353929735005
CCc1cc(=NCCC2CCN(Cc3ccccc3)CC2)[nH]nc1-c1ccccc1.Cl.Cl.O,CHEMBL1204296,IC50,IC50,66.0,active,491.5070000000002,4.861000000000009,1.0,3.0,7.180456064458132
Cl.Cl.O.c1ccc(CN2CCC(CCNc3cc4c(nn3)-c3ccccc3CC4)CC2)cc1,CHEMBL1202885,IC50,IC50,190.0,active,489.49100000000027,4.975300000000003,1.0,4.0,6.721246399047171
COc1cc2c(cc1OC)C(=O)C(CC1CCN(Cc3ccccc3)CC1)C2,CHEMBL502,IC50,IC50,16.0,active,379.50000000000017,4.361100000000004,0.0,4.0,7.795880017344075
Nc1c2c(nc3cccc(Cl)c13)OCCC2,CHEMBL337453,IC50,IC50,313.0,active,234.68599999999992,2.7954000000000017,1.0,3.0,6.504455662453552
Nc1c2c(nc3c1CCCO3)CCC2,CHEMBL335922,IC50,IC50,1120.0,intermediate,190.24599999999995,1.4775,1.0,3.0,5.950781977329818
Cc1cccc2nc3c(c(N)c12)CCCO3,CHEMBL132619,IC50,IC50,150.0,active,214.26799999999994,2.4504200000000003,1.0,3.0,6.823908740944319
C=CC[N+](C)(C)c1cccc(OC)c1.[Br-],CHEMBL293316,IC50,IC50,10.0,inactive,272.186,-0.5478999999999994,0.0,1.0,5.0
C=CCC[N+](C)(C)c1ccccc1O.[Br-],CHEMBL61515,IC50,IC50,10.0,inactive,272.186,-0.46080000000000004,1.0,1.0,5.0
CN(C)C(=O)Oc1cccc([N+](C)(C)C)c1.[Br-],CHEMBL54126,IC50,IC50,0.002,active,303.19999999999993,-1.052299999999998,0.0,2.0,8.698970004336019
COc1ccc([N+](C)(C)Cc2ccccc2)cc1.[Br-],CHEMBL442361,IC50,IC50,10.0,inactive,322.246,0.4662999999999997,0.0,1.0,5.0
C[N+](C)(C)Cc1cccc(O)c1.[Br-],CHEMBL58034,IC50,IC50,10.0,inactive,246.14799999999997,-1.3975999999999984,1.0,1.0,5.0
COc1ccc(C(=O)COc2ccc([N+](C)(C)Cc3ccccc3)cc2)cc1OC.[Br-],CHEMBL61965,IC50,IC50,10.0,inactive,486.4060000000001,1.7366,0.0,4.0,5.0
COc1ccc(C(=O)CCc2ccc([N+](C)(C)C)cc2)cc1OC.[Br-],CHEMBL59790,IC50,IC50,3.0,intermediate,408.33600000000007,0.7200000000000009,0.0,3.0,5.522878745280337
CC(=O)Oc1ccc([N+](C)(C)Cc2ccccc2)cc1.[Br-],CHEMBL62210,IC50,IC50,10.0,inactive,350.256,0.383,0.0,2.0,5.0
C=CC[N+](C)(C)c1ccc(OC(C)=O)cc1.[Br-],CHEMBL57003,IC50,IC50,10.0,inactive,300.19599999999997,-0.6311999999999989,0.0,2.0,5.0
C[N+](C)(Cc1ccccc1)c1ccccc1O.[Br-],CHEMBL291783,IC50,IC50,10.0,inactive,308.219,0.16329999999999983,1.0,1.0,5.0
C=CC[N+](C)(C)Cc1cccc(O)c1.[Br-],CHEMBL294498,IC50,IC50,10.0,inactive,272.18600000000004,-0.8413999999999988,1.0,1.0,5.0
COc1ccc(C(=O)CCc2ccc([N+](C)(C)Cc3ccccc3)cc2)cc1OC.[Br-],CHEMBL300170,IC50,IC50,1.3,intermediate,484.4340000000001,2.2904,0.0,3.0,5.886056647693163
C=CC[N+](C)(C)c1cccc(O)c1.[Br-],CHEMBL61312,IC50,IC50,3.0,intermediate,258.159,-0.8508999999999998,1.0,1.0,5.522878745280337
COc1cccc(C[N+](C)(C)Cc2ccccc2)c1.[Br-],CHEMBL293268,IC50,IC50,10.0,inactive,336.27299999999997,0.4758000000000002,0.0,1.0,5.0
COc1cccc([N+](C)(C)Cc2ccccc2)c1.[Br-],CHEMBL293751,IC50,IC50,10.0,inactive,322.246,0.46629999999999994,0.0,1.0,5.0
C=CC[N+](C)(C)c1cccc(OC(C)=O)c1.[Br-],CHEMBL59192,IC50,IC50,1.0,active,300.19599999999997,-0.6311999999999989,0.0,2.0,6.0
COc1cccc(C[N+](C)(C)C)c1.[Br-],CHEMBL300176,IC50,IC50,10.0,inactive,260.17499999999995,-1.094599999999998,0.0,1.0,5.0
COc1ccccc1[N+](C)(C)Cc1ccccc1.[Br-],CHEMBL61905,IC50,IC50,10.0,inactive,322.246,0.46629999999999994,0.0,1.0,5.0
C=CC[N+](C)(C)c1ccc(OCC(=O)c2ccc(OC)c(OC)c2)cc1.[Br-],CHEMBL58511,IC50,IC50,10.0,inactive,436.34600000000006,0.7224000000000006,0.0,4.0,5.0
COc1ccc(C(=O)CCc2cccc([N+](C)(C)Cc3ccccc3)c2)cc1OC.[Br-],CHEMBL59074,IC50,IC50,1.04,intermediate,484.43400000000014,2.2904,0.0,3.0,5.982966660701219
C=C(C)C[N+](C)(C)c1ccccc1O.[Br-],CHEMBL294674,IC50,IC50,10.0,inactive,272.186,-0.46080000000000004,1.0,1.0,5.0
C=CC[N+](C)(C)c1ccc(OC)cc1.[Br-],CHEMBL57842,IC50,IC50,10.0,inactive,272.186,-0.5478999999999994,0.0,1.0,5.0
CC(=O)Oc1ccccc1[N+](C)(C)Cc1ccccc1.[Br-],CHEMBL299898,IC50,IC50,10.0,inactive,350.256,0.383,0.0,2.0,5.0
C=CC[N+](C)(C)c1ccccc1O.[Br-],CHEMBL60596,IC50,IC50,1.85,intermediate,258.159,-0.8508999999999998,1.0,1.0,5.732828271596986
COc1ccc(C(=O)COc2cccc([N+](C)(C)C)c2)cc1OC.[Br-],CHEMBL62031,IC50,IC50,10.0,inactive,410.3080000000001,0.16620000000000124,0.0,4.0,5.0
COc1ccc(C(=O)COc2cccc([N+](C)(C)Cc3ccccc3)c2)cc1OC.[Br-],CHEMBL60074,IC50,IC50,0.33,active,486.4060000000002,1.7366,0.0,4.0,6.481486060122113
C=CC[N+](C)(C)Cc1cccc(OC)c1.[Br-],CHEMBL59490,IC50,IC50,10.0,inactive,286.21299999999997,-0.5383999999999984,0.0,1.0,5.0
C[N+](C)(Cc1ccccc1)Cc1cccc(O)c1.[Br-],CHEMBL61180,IC50,IC50,10.0,inactive,322.246,0.17280000000000012,1.0,1.0,5.0
COc1ccc(C(=O)COc2ccc([N+](C)(C)C)cc2)cc1OC.[Br-],CHEMBL60180,IC50,IC50,10.0,inactive,410.30800000000005,0.16620000000000124,0.0,4.0,5.0
C=C(C)C[N+](C)(C)c1ccccc1OC.[Br-],CHEMBL294152,IC50,IC50,10.0,inactive,286.21299999999997,-0.15779999999999883,0.0,1.0,5.0
C=C(C)C[N+](C)(C)c1cccc(OC)c1.[Br-],CHEMBL305386,IC50,IC50,10.0,inactive,286.21299999999997,-0.15779999999999883,0.0,1.0,5.0
C[N+](C)(Cc1ccccc1)c1ccc(O)cc1.[Br-],CHEMBL294897,IC50,IC50,10.0,inactive,308.219,0.16329999999999983,1.0,1.0,5.0
CC(=O)Oc1cccc([N+](C)(C)Cc2ccccc2)c1.[Br-],CHEMBL58190,IC50,IC50,10.0,inactive,350.256,0.383,0.0,2.0,5.0
CC[N+](C)(C)c1cccc(O)c1.[Br-],CHEMBL60745,IC50,IC50,3.96,intermediate,246.14799999999997,-1.0169999999999997,1.0,1.0,5.402304814074488
C=CC[N+](C)(C)c1ccc(O)cc1.[Br-],CHEMBL58252,IC50,IC50,10.0,inactive,258.159,-0.8508999999999998,1.0,1.0,5.0
C=CC[N+](C)(C)c1ccccc1OC.[Br-],CHEMBL58194,IC50,IC50,1.0,active,272.186,-0.5478999999999994,0.0,1.0,6.0
C=C(C)C[N+](C)(C)c1cccc(O)c1.[Br-],CHEMBL61126,IC50,IC50,10.0,inactive,272.186,-0.4608000000000001,1.0,1.0,5.0
COc1ccc(C(=O)CCc2cccc([N+](C)(C)C)c2)cc1OC.[Br-],CHEMBL294251,IC50,IC50,10.0,inactive,408.33600000000007,0.72,0.0,3.0,5.0
C[N+](C)(Cc1ccccc1)c1cccc(O)c1.[Br-],CHEMBL60874,IC50,IC50,10.0,inactive,308.219,0.16330000000000006,1.0,1.0,5.0
C=C(C)C[N+](C)(C)c1ccc(O)cc1.[Br-],CHEMBL294292,IC50,IC50,10.0,inactive,272.186,-0.4608000000000001,1.0,1.0,5.0
C[C@@H]1C(=O)N(C(=O)C2CC2)[C@H]2CCN(C(=O)[C@@H]3CCCN3S(=O)(=O)c3cccc4c(N(C)C)cccc34)[C@H]12,CHEMBL299435,IC50,IC50,100.0,inactive,538.6700000000002,2.4433000000000007,0.0,6.0,4.0
CNC(=O)Oc1ccc2c(c1)[C@]1(C)CCN[C@@H]1N2C,CHEMBL305670,IC50,IC50,23.0,active,261.325,1.4317,2.0,4.0,7.638272163982407
CNC(=O)Oc1ccc2c(c1)[C@]1(C)CCN[C@@H]1N2C,CHEMBL305670,IC50,IC50,21.0,active,261.325,1.4317,2.0,4.0,7.6777807052660805
CNC(=O)Oc1ccc2c(c1)[C@]1(C)CCN(C)[C@@H]1N2C,CHEMBL94,IC50,IC50,31.0,active,275.352,1.7739,1.0,4.0,7.508638306165727
CNC(=O)Oc1ccc2c(c1)[C@]1(C)CCN(C)[C@@H]1N2C,CHEMBL94,IC50,IC50,35.0,active,275.352,1.7739,1.0,4.0,7.455931955649724
CNC(=O)Oc1ccc2c(c1)[C@]1(C)CCN(CCc3ccccc3)[C@@H]1N2C,CHEMBL75729,IC50,IC50,150.0,active,365.477,3.3868000000000027,1.0,4.0,6.823908740944319
CNC(=O)Oc1ccc2c(c1)[C@]1(C)CCN(CCc3ccccc3)[C@@H]1N2C,CHEMBL75729,IC50,IC50,220.0,active,365.477,3.3868000000000027,1.0,4.0,6.657577319177793
COc1ccc(NC(=O)Oc2ccc3c(c2)[C@]2(C)CCN(C)[C@@H]2N3C)cc1,CHEMBL74950,IC50,IC50,230.0,active,367.4490000000001,3.675200000000002,1.0,5.0,6.638272163982407
COc1ccc(NC(=O)Oc2ccc3c(c2)[C@]2(C)CCN(C)[C@@H]2N3C)cc1,CHEMBL74950,IC50,IC50,350.0,active,367.4490000000001,3.675200000000002,1.0,5.0,6.455931955649724
CCCCCCCCNC(=O)Oc1ccc2c(c1)[C@]1(C)CCN(C)[C@@H]1N2C,CHEMBL74107,IC50,IC50,15.0,active,373.54100000000017,4.5046000000000035,1.0,4.0,7.823908740944319
CCCCCCCCNC(=O)Oc1ccc2c(c1)[C@]1(C)CCN(C)[C@@H]1N2C,CHEMBL74107,IC50,IC50,16.0,active,373.54100000000017,4.5046000000000035,1.0,4.0,7.795880017344075
CNC(=O)Oc1ccc2c(c1)[C@]1(C)CCN(C)[C@@H]1N2C,CHEMBL94,IC50,IC50,22000.0,inactive,275.352,1.7739,1.0,4.0,4.657577319177793
CNC(=O)Oc1ccc2c(c1)[C@]1(C)CCN(C)[C@@H]1N2C,CHEMBL94,IC50,IC50,25000.0,inactive,275.352,1.7739,1.0,4.0,4.6020599913279625
CC(=O)N1C(=O)[C@@H](C)[C@@H]2[C@@H]1CCN2C(=O)[C@@H]1CCCN1S(=O)(=O)c1cccc2c(N(C)C)cccc12,CHEMBL301610,IC50,IC50,100.0,inactive,512.6320000000002,2.053200000000001,0.0,6.0,4.0
CNC(=O)Oc1ccc2c(c1)[C@]1(C)CCN(Cc3ccccc3)[C@@H]1N2C,CHEMBL74257,IC50,IC50,190.0,active,351.45,3.3443000000000023,1.0,4.0,6.721246399047171
CNC(=O)Oc1ccc2c(c1)[C@]1(C)CCN(Cc3ccccc3)[C@@H]1N2C,CHEMBL74257,IC50,IC50,330.0,active,351.45,3.3443000000000023,1.0,4.0,6.481486060122113
C=CCN1CC[C@@]2(C)c3cc(OC(=O)NC)ccc3N(C)[C@@H]12,CHEMBL307721,IC50,IC50,32.0,active,301.39000000000004,2.3301000000000007,1.0,4.0,7.494850021680094
C=CCN1CC[C@@]2(C)c3cc(OC(=O)NC)ccc3N(C)[C@@H]12,CHEMBL307721,IC50,IC50,45.0,active,301.39000000000004,2.3301000000000007,1.0,4.0,7.346787486224656
CN1CC[C@@]2(C)c3cc(OC(=O)NC(C)(C)C)ccc3N(C)[C@@H]12,CHEMBL308503,IC50,IC50,32000.0,inactive,317.43300000000005,2.9426000000000014,1.0,4.0,4.494850021680094
CN1CC[C@@]2(C)c3cc(OC(=O)NC(C)(C)C)ccc3N(C)[C@@H]12,CHEMBL308503,IC50,IC50,23000.0,inactive,317.43300000000005,2.9426000000000014,1.0,4.0,4.638272163982407
CN(C)C(=O)Oc1ccc2c(c1)[C@]1(C)CCN(C)[C@@H]1N2C,CHEMBL308043,IC50,IC50,310.0,active,289.37899999999996,2.1161000000000003,0.0,4.0,6.508638306165727
CN(C)C(=O)Oc1ccc2c(c1)[C@]1(C)CCN(C)[C@@H]1N2C,CHEMBL308043,IC50,IC50,210.0,active,289.37899999999996,2.1161000000000003,0.0,4.0,6.6777807052660805
CN1CC[C@@]2(C)c3cc(OC(=O)Nc4ccccc4)ccc3N(C)[C@@H]12,CHEMBL74926,IC50,IC50,36.0,active,337.42300000000006,3.6666000000000025,1.0,4.0,7.443697499232712
CN1CC[C@@]2(C)c3cc(OC(=O)Nc4ccccc4)ccc3N(C)[C@@H]12,CHEMBL74926,IC50,IC50,21.0,active,337.42300000000006,3.6666000000000025,1.0,4.0,7.6777807052660805
COc1ccc(C(=O)n2cc(/C=C3\CN(Cc4ccccc4)CCC3=O)c3ccccc32)cc1,CHEMBL340542,IC50,IC50,70.0,inactive,450.5380000000002,5.196800000000005,0.0,5.0,4.154901959985743
O=C1CCN(Cc2ccccc2)C/C1=C\c1cccn1C(=O)c1ccccc1,CHEMBL128894,IC50,IC50,30.0,inactive,370.4520000000001,4.035000000000004,0.0,4.0,4.522878745280337
O=C1/C(=C/c2ccc[nH]2)CN(Cc2ccccc2)C/C1=C\c1ccc[nH]1,CHEMBL340866,IC50,IC50,18.0,inactive,343.43,3.894700000000002,2.0,2.0,4.7447274948966935
N#Cc1ccc(C(=O)n2cc(/C=C3\CN(Cc4ccccc4)CCC3=O)c3ccccc32)cc1,CHEMBL337002,IC50,IC50,20.0,inactive,445.5220000000002,5.059880000000004,0.0,5.0,4.698970004336019
O=C1/C(=C/c2cc[nH]c2)CN(Cc2ccccc2)C/C1=C\c1cc[nH]c1,CHEMBL422971,IC50,IC50,6.0,intermediate,343.43,3.894700000000002,2.0,2.0,5.221848749616356
O=C1CCN(Cc2ccccc2)C/C1=C\c1c[nH]c2ccc(OCc3ccccc3)cc12,CHEMBL340854,IC50,IC50,25.0,inactive,422.5280000000002,5.605300000000005,1.0,3.0,4.6020599913279625
O=C1CCN(Cc2ccccc2)C/C1=C\c1cn(C(=O)c2ccc(Cl)cc2)c2ccccc12,CHEMBL340599,IC50,IC50,50.0,inactive,454.9570000000001,5.841600000000005,0.0,4.0,4.301029995663981
O=C1CCN(Cc2ccccc2)C/C1=C\c1cn(C(=O)c2ccc([N+](=O)[O-])cc2)c2ccccc12,CHEMBL128292,IC50,IC50,50.0,inactive,465.5090000000002,5.0964000000000045,0.0,6.0,4.301029995663981
CN1CCC(C2Cc3ccccc3C2=O)CC1,CHEMBL348318,IC50,IC50,3300.0,intermediate,229.32299999999995,2.383400000000001,0.0,2.0,5.481486060122113
CN1CCC(CCCC2Cc3ccccc3C2=O)CC1,CHEMBL263322,IC50,IC50,1.5,active,271.40400000000005,3.5537000000000027,0.0,2.0,8.823908740944319
COc1ccc2[nH]cc(/C=C3\CN(Cc4ccccc4)CCC3=O)c2c1,CHEMBL340216,IC50,IC50,6.0,intermediate,346.4300000000001,4.034900000000003,1.0,3.0,5.221848749616356
O=C1CCN(Cc2ccccc2)C/C1=C\c1cn(C(=O)c2ccc(F)cc2)c2ccccc12,CHEMBL131286,IC50,IC50,60.0,inactive,438.5020000000001,5.327300000000005,0.0,4.0,4.221848749616356
COc1ccc2c(c1)c(/C=C1\CN(Cc3ccccc3)CCC1=O)cn2C(=O)c1ccccc1,CHEMBL131318,IC50,IC50,80.0,inactive,450.53800000000024,5.196800000000004,0.0,5.0,4.096910013008056
O=C1CCN(Cc2ccccc2)C/C1=C\c1cn(S(=O)(=O)c2ccccc2)c2ccccc12,CHEMBL132494,IC50,IC50,,intermediate,456.5670000000002,4.736700000000004,0.0,5.0,
CC(C)(C)OC(=O)n1cc(/C=C2\CN(Cc3ccccc3)CCC2=O)c2ccccc21,CHEMBL340929,IC50,IC50,30.0,inactive,416.5210000000002,5.282900000000005,0.0,5.0,4.522878745280337
CN1CCN(CC2Cc3ccccc3C2=O)CC1,CHEMBL156157,IC50,IC50,94.0,active,244.33799999999997,1.289,0.0,3.0,7.026872146400302
CC(=O)n1cc(/C=C2\CN(Cc3ccccc3)CCC2=O)c2ccccc21,CHEMBL129684,IC50,IC50,11.0,inactive,358.4410000000001,4.159800000000003,0.0,4.0,4.958607314841775
COc1cc2c(cc1OC)C(=O)C(CC1CCN(Cc3ccccc3)CC1)C2,CHEMBL502,IC50,IC50,0.04,active,379.50000000000017,4.361100000000004,0.0,4.0,7.3979400086720375
CC1CCN(Cc2cccc3ccccc23)CC1,CHEMBL155121,IC50,IC50,220.0,active,239.36199999999997,4.071700000000003,0.0,1.0,6.657577319177793
CN1CCC(C[C@@H]2Cc3ccccc3C2=O)CC1,CHEMBL153865,IC50,IC50,5.3,active,243.34999999999997,2.773500000000001,0.0,2.0,8.275724130399212
CN1CCC(CC2=Cc3ccccc3C2)CC1,CHEMBL157410,IC50,IC50,4400.0,intermediate,227.35099999999997,3.3580000000000023,0.0,1.0,5.356547323513812
CN1CCC(CC/C=C2\Cc3ccccc3C2=O)CC1,CHEMBL155945,IC50,IC50,0.82,active,269.388,3.4738000000000024,0.0,2.0,9.086186147616283
CC1CCN(Cc2ccccc2)CC1,CHEMBL158232,IC50,IC50,5.3,active,189.30199999999996,2.9185000000000016,0.0,1.0,8.275724130399212
O=C1CCN(Cc2ccccc2)C/C1=C\c1ccc[nH]1,CHEMBL340409,IC50,IC50,11.0,inactive,266.344,2.873100000000001,1.0,2.0,4.958607314841775
O=C1CCN(Cc2ccccc2)C/C1=C\c1ccn(C(=O)c2ccccc2)c1,CHEMBL335329,IC50,IC50,30.0,inactive,370.4520000000001,4.035000000000004,0.0,4.0,4.522878745280337
CC1CCN(C(=O)c2ccccc2)CC1,CHEMBL155768,IC50,IC50,10000.0,inactive,203.28499999999997,2.558700000000001,0.0,1.0,5.0
O=C1CCN(Cc2ccccc2)C/C1=C\c1cn(C(=O)c2ccccc2)c2ccccc12,CHEMBL130831,IC50,IC50,70.0,inactive,420.5120000000001,5.188200000000005,0.0,4.0,4.154901959985743
CN1CCC(/C=C/C=C2\Cc3ccccc3C2=O)CC1,CHEMBL155746,IC50,IC50,3.0,active,267.37199999999996,3.2498000000000022,0.0,2.0,8.522878745280337
CC1CCN(Cc2ccccc2[N+](=O)[O-])CC1,CHEMBL347354,IC50,IC50,160.0,active,234.29899999999995,2.8267000000000007,0.0,3.0,6.795880017344075
Cc1[nH]c(C)c(/C=C2\CN(Cc3ccccc3)CCC2=O)c1C=O,CHEMBL130738,IC50,IC50,30.0,inactive,322.4080000000001,3.3024400000000025,1.0,3.0,4.522878745280337
Cc1ccccc1CN1CCC(C)CC1,CHEMBL158174,IC50,IC50,10.0,active,203.32899999999995,3.2269200000000016,0.0,1.0,8.0
CC1CCN(CC2CCCCC2)CC1,CHEMBL345241,IC50,IC50,8.9,active,195.34999999999994,3.298600000000002,0.0,1.0,8.050609993355087
CC1CCN(CC2Cc3ccccc3C2=O)CC1,CHEMBL156763,IC50,IC50,480.0,active,243.34999999999997,2.773500000000001,0.0,2.0,6.318758762624412
CC1CCN(CCc2ccccc2)CC1,CHEMBL343237,IC50,IC50,180.0,active,203.32899999999998,2.961000000000001,0.0,1.0,6.7447274948966935
CN1CCC(C[C@H]2Cc3ccccc3C2=O)CC1,CHEMBL345905,IC50,IC50,7.7,active,243.34999999999997,2.773500000000001,0.0,2.0,8.113509274827518
CN(C)C(=O)Oc1cccc([N+](C)(C)C)c1.[Br-],CHEMBL54126,IC50,IC50,0.6,active,303.19999999999993,-1.052299999999998,0.0,2.0,6.221848749616356
O=C1CCN(Cc2ccccc2)C/C1=C\c1c[nH]c2ccccc12,CHEMBL128172,IC50,IC50,8.0,intermediate,316.40400000000005,4.026300000000003,1.0,2.0,5.096910013008056
CN1CCC(=C2Cc3ccccc3C2=O)CC1,CHEMBL157017,IC50,IC50,1200.0,intermediate,227.30699999999996,2.4476000000000004,0.0,2.0,5.920818753952375
CC1CCN(Cc2ccc3ccccc3c2)CC1,CHEMBL155128,IC50,IC50,2900.0,intermediate,239.36199999999997,4.071700000000003,0.0,1.0,5.5376020021010435
O=C1CCN(Cc2ccccc2)C/C1=C\c1cn(C(=O)c2ccccc2)c2ccc(OCc3ccccc3)cc12,CHEMBL132009,IC50,IC50,,intermediate,526.6360000000002,6.767200000000006,0.0,5.0,
CN1CCC(CCN2C(=O)c3ccccc3C2=O)CC1,CHEMBL345847,IC50,IC50,0.9,active,272.34800000000007,2.0145,0.0,3.0,9.045757490560675
CN1CCC(CCC2C(=O)Nc3ccccc3C2=O)CC1,CHEMBL158252,IC50,IC50,4.2,active,286.3750000000001,2.5596000000000005,1.0,3.0,8.3767507096021
CN1CCC(/C=C2\Cc3ccccc3C2=O)CC1,CHEMBL156874,IC50,IC50,8.4,active,241.33399999999997,2.693600000000001,0.0,2.0,8.075720713938118
Nc1c2c(nc3ccccc13)CCCC2,CHEMBL95,IC50,IC50,0.18,active,198.26899999999992,2.695800000000001,1.0,2.0,6.7447274948966935
O=C1CCN(Cc2ccccc2)C/C1=C\c1cc[nH]c1,CHEMBL341251,IC50,IC50,6.0,intermediate,266.344,2.873100000000001,1.0,2.0,5.221848749616356
O=C1CCN(Cc2ccccc2)C/C1=C\c1cn(Cc2ccccc2)c2ccccc12,CHEMBL445124,IC50,IC50,100.0,inactive,406.5290000000001,5.548000000000005,0.0,3.0,4.0
c1ccc(CN2CCC(CCc3nccc4ccccc34)CC2)cc1,CHEMBL92142,IC50,Log IC50(nM),2.342,active,330.47500000000014,5.079600000000005,0.0,2.0,6.657992070982661
CN(CCCCCNc1ccc(-c2ccccc2)nn1)Cc1ccccc1.Cl,CHEMBL553187,IC50,IC50,0.93,active,396.96600000000007,5.279600000000006,1.0,4.0,6.031517051446065
Cc1ccc(NC(=O)Oc2ccc3c(c2)[C@]2(C)CCN(C)[C@@H]2N3C)cc1,CHEMBL130956,IC50,IC50,140.0,active,351.45000000000005,3.9750200000000024,1.0,4.0,6.853871964321762
c1ccc(CN2CCC(CCc3noc4cc(N5CCOCC5)ccc34)CC2)cc1,CHEMBL93936,IC50,Log IC50(nM),-0.097,active,405.54200000000026,4.509200000000004,0.0,5.0,9.097018600202498
CCc1cccc(CC)c1NC(=O)Oc1ccc2c(c1)[C@]1(C)CCN(C)[C@@H]1N2C,CHEMBL335167,IC50,IC50,1500.0,intermediate,393.5310000000002,4.791400000000004,1.0,4.0,5.823908740944319
c1ccc(CN2CCC(CNc3noc4ccccc34)CC2)cc1,CHEMBL92629,IC50,Log IC50(nM),2.505,active,321.42400000000015,4.151900000000003,1.0,4.0,6.49499933607313
CC(C)c1ccccc1NC(=O)Oc1ccc2c(c1)[C@]1(C)CCN(C)[C@@H]1N2C,CHEMBL130270,IC50,IC50,15.0,active,379.50400000000013,4.7900000000000045,1.0,4.0,7.823908740944319
Cc1cccc(C)c1NC(=O)Oc1ccc2c(c1)[C@]1(C)CCN(C)[C@@H]1N2C,CHEMBL340867,IC50,IC50,785.0,active,365.47700000000015,4.283440000000003,1.0,4.0,6.105130343254747
Brc1ccc2c(CCC3CCN(Cc4ccccc4)CC3)noc2c1,CHEMBL330004,IC50,Log IC50(nM),1.699,active,399.33200000000005,5.435100000000005,0.0,3.0,7.301029995663981
O=C(Nc1ccc2c(CCC3CCN(Cc4ccccc4)CC3)noc2c1)c1ccccc1,CHEMBL93123,IC50,Log IC50(nM),0.973,active,439.55900000000014,5.924900000000005,1.0,4.0,8.027010773144651
Nc1ccc2c(CCC3CCN(Cc4ccccc4)CC3)noc2c1,CHEMBL420625,IC50,Log IC50(nM),1.301,active,335.45100000000014,4.254800000000004,1.0,4.0,7.698970004336019
c1ccc(CN2CCC(CCc3noc4ccccc34)CC2)cc1,CHEMBL92460,IC50,Log IC50(nM),1.74,active,320.4360000000001,4.6726000000000045,0.0,3.0,7.26003230324049
CCc1ccccc1NC(=O)Oc1ccc2c(c1)[C@]1(C)CCN(C)[C@@H]1N2C,CHEMBL340391,IC50,IC50,10.0,active,365.47700000000015,4.229000000000004,1.0,4.0,8.0
O=S(=O)(Nc1ccc2c(CCC3CCN(Cc4ccccc4)CC3)noc2c1)c1ccccc1,CHEMBL92955,IC50,Log IC50(nM),1.146,active,475.61400000000015,5.473400000000005,1.0,5.0,7.853871964321762
COc1cc2c(cc1OC)C(=O)C(CC1CCN(Cc3ccccc3)CC1)C2,CHEMBL502,IC50,IC50,0.016,active,379.50000000000017,4.361100000000004,0.0,4.0,7.795880017344075
Cc1cc(C)cc(NC(=O)Oc2ccc3c(c2)[C@]2(C)CCN(C)[C@@H]2N3C)c1,CHEMBL131210,IC50,IC50,78.0,active,365.47700000000015,4.283440000000003,1.0,4.0,7.107905397309519
C(=C/C1CCN(Cc2ccccc2)CC1)\c1noc2ccccc12,CHEMBL126939,IC50,Log IC50(nM),2.322,active,318.42,4.753200000000004,0.0,3.0,6.678008252452735
c1ccc(CN2CCC(CCc3ncnc4ccccc34)CC2)cc1,CHEMBL329531,IC50,Log IC50(nM),2.532,active,331.46300000000014,4.474600000000004,0.0,3.0,6.467997690417565
COc1ccc2c(CCC3CCN(Cc4ccccc4)CC3)noc2c1,CHEMBL418955,IC50,Log IC50(nM),0.919,active,350.4620000000001,4.681200000000004,0.0,4.0,8.08097423541264
CNC(=O)Oc1ccc2c(c1)[C@]1(C)CCN(C)[C@@H]1N2C,CHEMBL94,IC50,Log IC50(nM),1.278,active,275.352,1.7739,1.0,4.0,7.721932669111338
CNC(=O)Oc1ccc2c(c1)[C@]1(C)CCN(C)[C@@H]1N2C,CHEMBL94,IC50,IC50,28.0,active,275.352,1.7739,1.0,4.0,7.552841968657781
NC(=O)c1ccc2c(CCC3CCN(Cc4ccccc4)CC3)noc2c1,CHEMBL92663,IC50,Log IC50(nM),0.944,active,363.46100000000007,3.771500000000003,1.0,4.0,8.056011124926227
COc1cc2c(cc1OC)C(=O)C(CC1CCN(Cc3ccccc3)CC1)C2,CHEMBL502,IC50,Log IC50(nM),0.903,active,379.50000000000017,4.361100000000004,0.0,4.0,8.097018600202498
Cc1cccc(NC(=O)Oc2ccc3c(c2)[C@]2(C)CCN(C)[C@@H]2N3C)c1,CHEMBL131598,IC50,IC50,28.0,active,351.4500000000001,3.9750200000000033,1.0,4.0,7.552841968657781
Cl.c1ccc(-c2ccc(NCCCCCN3CCc4ccccc4C3)nn2)cc1,CHEMBL543711,IC50,IC50,47.0,inactive,408.9770000000001,5.205900000000004,1.0,4.0,4.327902142064283
Cc1cccc(NC(=O)Oc2ccc3c(c2)[C@]2(C)CCN(C)[C@@H]2N3C)c1C,CHEMBL335962,IC50,IC50,23.0,active,365.47700000000015,4.283440000000004,1.0,4.0,7.638272163982407
CN(C(=O)Oc1ccc2c(c1)[C@]1(C)CCN(C)[C@@H]1N2C)c1ccccc1,CHEMBL131825,IC50,IC50,690.0,active,351.45000000000005,3.6909000000000027,0.0,4.0,6.161150909262744
COc1cccc2c(CCC3CCN(Cc4ccccc4)CC3)noc12,CHEMBL93619,IC50,Log IC50(nM),0.851,active,350.4620000000001,4.681200000000004,0.0,4.0,8.14898639317633
CNC(=O)Oc1cc2c(cc1C)N(C)[C@H]1N(C)CC[C@@]21C,CHEMBL134251,IC50,IC50,10000.0,inactive,289.3790000000001,2.08232,1.0,4.0,5.0
Cc1ccc(C)c(NC(=O)Oc2ccc3c(c2)[C@]2(C)CCN(C)[C@@H]2N3C)c1,CHEMBL337675,IC50,IC50,26.0,active,365.47700000000015,4.283440000000003,1.0,4.0,7.585026652029182
COc1ccc2onc(CCC3CCN(Cc4ccccc4)CC3)c2c1,CHEMBL94186,IC50,Log IC50(nM),0.857,active,350.46200000000005,4.681200000000005,0.0,4.0,8.143029566517507
Oc1ccc2c(CCC3CCN(Cc4ccccc4)CC3)noc2c1,CHEMBL92463,IC50,Log IC50(nM),1.415,active,336.4350000000001,4.378200000000004,1.0,4.0,7.585026652029182
Nc1c2c(nc3ccccc13)CCCC2,CHEMBL95,IC50,Log IC50(nM),2.431,active,198.26899999999992,2.695800000000001,1.0,2.0,6.5690063480624525
Cc1ccc(NC(=O)Oc2ccc3c(c2)[C@]2(C)CCN(C)[C@@H]2N3C)c(C)c1,CHEMBL335220,IC50,IC50,14.0,active,365.4770000000001,4.283440000000003,1.0,4.0,7.853871964321762
Cc1cc(C)c(NC(=O)Oc2ccc3c(c2)[C@]2(C)CCN(C)[C@@H]2N3C)c(C)c1,CHEMBL130363,IC50,IC50,1300.0,intermediate,379.50400000000013,4.591860000000004,1.0,4.0,5.886056647693163
c1ccc(CN2CCC(CCc3n[nH]c4ccccc34)CC2)cc1,CHEMBL92958,IC50,Log IC50(nM),2.079,active,319.4520000000001,4.407700000000004,1.0,2.0,6.9209997476961505
Cc1ccc(NC(=O)Oc2ccc3c(c2)[C@]2(C)CCN(C)[C@@H]2N3C)cc1C,CHEMBL130672,IC50,IC50,31.0,active,365.4770000000001,4.283440000000003,1.0,4.0,7.508638306165727
c1ccc(CN2CCC(COc3noc4ccccc34)CC2)cc1,CHEMBL94059,IC50,Log IC50(nM),3.412,intermediate,322.40800000000013,4.118800000000004,0.0,4.0,5.588000032061663
CN1CC[C@@]2(C)c3cc(OC(=O)Nc4ccccc4)ccc3N(C)[C@@H]12,CHEMBL74926,IC50,IC50,22.0,active,337.42300000000006,3.6666000000000025,1.0,4.0,7.657577319177793
Cc1cc2c(cc1OC(=O)Nc1ccccc1)[C@]1(C)CCN(C)[C@@H]1N2C,CHEMBL132531,IC50,IC50,260.0,active,351.45000000000016,3.9750200000000033,1.0,4.0,6.585026652029182
CN(C)Cc1cc2c(cc1OC(=O)Nc1ccccc1)[C@]1(C)CCN(C)[C@@H]1N2C,CHEMBL132285,IC50,IC50,2500.0,intermediate,394.5190000000002,3.728200000000003,1.0,5.0,5.6020599913279625
Cc1ccc2onc(CCC3CCN(Cc4ccccc4)CC3)c2c1,CHEMBL433379,IC50,Log IC50(nM),0.892,active,334.4630000000001,4.981020000000005,0.0,3.0,8.108016769148033
CC(C)c1ccc(NC(=O)Oc2ccc3c(c2)[C@]2(C)CCN(C)[C@@H]2N3C)cc1,CHEMBL129837,IC50,IC50,760.0,active,379.50400000000013,4.7900000000000045,1.0,4.0,6.119186407719209
c1ccc(CN2CCC(CCc3nsc4ccccc34)CC2)cc1,CHEMBL328102,IC50,Log IC50(nM),1.99,active,336.50400000000013,5.141100000000005,0.0,3.0,7.010016541698601
Cc1ccccc1NC(=O)Oc1ccc2c(c1)[C@]1(C)CCN(C)[C@@H]1N2C,CHEMBL130458,IC50,IC50,10.0,active,351.4500000000001,3.9750200000000033,1.0,4.0,8.0
CN(C)C(=O)Oc1ccc2c(c1)[C@]1(C)CCN(C)[C@@H]1N2C,CHEMBL308043,IC50,IC50,210.0,active,289.37899999999996,2.1161000000000003,0.0,4.0,6.6777807052660805
Nc1c2c(nc3ccccc13)CCCC2,CHEMBL95,IC50,IC50,0.095,active,198.26899999999992,2.695800000000001,1.0,2.0,7.022276394711152
N#Cc1ccc2c(CCC3CCN(Cc4ccccc4)CC3)noc2c1,CHEMBL92775,IC50,Log IC50(nM),2.004,active,345.44600000000014,4.544280000000004,0.0,4.0,6.995979726746758
CC(=O)Nc1ccc2c(CCC3CCN(Cc4ccccc4)CC3)noc2c1,CHEMBL92736,IC50,Log IC50(nM),0.447,active,377.48800000000006,4.631000000000004,1.0,4.0,8.552997101533837
Cc1cc2onc(CCC3CCN(Cc4ccccc4)CC3)c2cc1C,CHEMBL91291,IC50,Log IC50(nM),0.763,active,348.4900000000002,5.289440000000005,0.0,3.0,8.237021509132257
Cl.Cl.c1ccc(CN2CCC(CCNc3ccc(-c4ccccc4)nn3)CC2)cc1,CHEMBL3215535,IC50,IC50,0.14,active,445.4380000000001,5.701400000000006,1.0,4.0,6.853871964321762
CNC(=O)Oc1ccc2c(c1)[C@]1(C)CCN(C)[C@@H]1N2C,CHEMBL94,IC50,IC50,128.0,active,275.352,1.7739,1.0,4.0,6.892790030352131
CCCCCCNC(=O)Oc1ccc2c(c1)[C@]1(C)CCN(CC)[C@@H]1C2,CHEMBL413765,IC50,IC50,20.0,active,344.4990000000002,4.263300000000004,1.0,3.0,7.698970004336019
CCCCCCNC(=O)Oc1ccc2c(c1)[C@@]1(C)CCN(CC)[C@H]1C2,CHEMBL359198,IC50,IC50,233.0,active,344.4990000000002,4.263300000000004,1.0,3.0,6.632644078973981
CCCCNC(=O)Oc1ccc2c(c1)[C@]1(C)CCN(C)C1N2C,CHEMBL609671,IC50,IC50,1.52E-7,active,317.433,2.9442000000000013,1.0,4.0,6.818156412055227
CC(C)NC(=O)Oc1ccc2c(c1)[C@]1(C)CCN(C)C1N2C,CHEMBL609672,IC50,IC50,0.000035,inactive,303.406,2.552500000000001,1.0,4.0,4.455931955649724
CCN(CC)C(=O)Oc1ccc2c(c1)[C@]1(C)CCN(C)C1N2C,CHEMBL612098,IC50,IC50,0.00004,inactive,317.433,2.896300000000001,0.0,4.0,4.3979400086720375
CN(C(=O)NCc1ccccc1)C(=O)Oc1ccc2c(c1)[C@]1(C)CCN(C)C1N2C,CHEMBL612099,IC50,IC50,0.0000063,intermediate,408.50200000000024,3.3961000000000023,1.0,5.0,5.200659450546418
CN(C)C(=O)Oc1cccc([N+](C)(C)C)c1.[Br-],CHEMBL54126,IC50,IC50,9.1E-8,active,303.19999999999993,-1.052299999999998,0.0,2.0,7.040958607678906
CN1CC[C@@]2(C)c3cc(OC(=O)NCc4ccccc4)ccc3N(C)C12,CHEMBL612100,IC50,IC50,4.6E-7,active,351.45000000000005,3.3443000000000023,1.0,4.0,6.337242168318426
CNC(=O)Oc1ccc2c(c1)[C@]1(C)CC[N+](C)(C)C1N2C.COS(=O)(=O)[O-],CHEMBL539109,IC50,IC50,3.4E-8,active,401.48500000000007,1.011500000000001,1.0,7.0,7.468521082957745
Nc1c2c(nc3ccccc13)CCCC2,CHEMBL95,IC50,IC50,7.6E-8,active,198.26899999999992,2.695800000000001,1.0,2.0,7.119186407719209
CN1CC[C@@]2(C)c3cc(OC(=O)Nc4ccc(Cl)cc4)ccc3N(C)C12,CHEMBL609409,IC50,IC50,0.0000018,intermediate,371.8680000000001,4.320000000000003,1.0,4.0,5.7447274948966935
CN1CC[C@@]2(C)c3cc(OC(=O)Nc4ccccc4)ccc3N(C)C12,CHEMBL54727,IC50,IC50,3.5E-7,active,337.42300000000006,3.6666000000000025,1.0,4.0,6.455931955649724
CN(C)C(=O)Oc1ccc2c(c1)[C@]1(C)CCN(C)C1N2C,CHEMBL609149,IC50,IC50,9.7E-7,active,289.37899999999996,2.1161000000000003,0.0,4.0,6.013228265733755
CC[N+](C)(C)c1cccc(O)c1.[Br-],CHEMBL60745,IC50,IC50,7.8E-7,active,246.14799999999997,-1.0169999999999997,1.0,1.0,6.107905397309519
CNC(=O)Oc1ccc2c(c1)[C@]1(C)CCN(C)[C@@H]1N2C,CHEMBL94,IC50,IC50,5.7E-8,active,275.352,1.7739,1.0,4.0,7.2441251443275085
CCCCCCCCNC(=O)Oc1ccc2c(c1)[C@]1(C)CCN(C)C1N2C,CHEMBL609150,IC50,IC50,1.1E-7,active,373.54100000000017,4.5046000000000035,1.0,4.0,6.958607314841775
C=CC[N+](C)(C)c1ccc(CCC(=O)CCc2ccc([N+](C)(C)CC=C)cc2)cc1,CHEMBL140020,IC50,IC50,8E-9,active,406.6140000000001,5.3269000000000055,0.0,1.0,8.096910013008056
COc1ccc(NC(=O)Oc2ccc3c(c2)[C@]2(C)CCN(C)C2N3C)cc1,CHEMBL609668,IC50,IC50,0.0000017,intermediate,367.4490000000001,3.675200000000002,1.0,5.0,5.769551078621726
CNC(=O)Oc1cccc(CN(C)CCCCCCCCCOc2ccc3c(=O)c4ccccc4oc3c2)c1.Cl,CHEMBL542467,IC50,IC50,11.7,active,567.1260000000003,7.327700000000008,1.0,6.0,7.931814138253839
CNC(=O)Oc1ccc2c(c1)CN(CCCOc1ccc3c(=O)c4ccccc4oc3c1)CC2.Cl,CHEMBL540833,IC50,IC50,12.4,active,494.9750000000002,4.9134000000000055,1.0,6.0,7.906578314837765
CN(CCCOc1ccc2c(=O)c3ccccc3oc2c1)Cc1cccc(OC(=O)NCCCCCCCCN2CCOCC2)c1,CHEMBL127465,IC50,IC50,27.4,active,629.798,6.608300000000006,1.0,8.0,7.562249437179612
CNC(=O)Oc1cccc(CN(C)CCCOc2ccc3c(=O)c4ccccc4oc3c2)c1,CHEMBL340427,IC50,IC50,0.3,active,446.5030000000001,4.565300000000004,1.0,6.0,9.522878745280337
CNC(=O)Oc1cccc(CN(C)CCCOc2ccc(C(=O)c3ccccc3)cc2)c1.Cl,CHEMBL544592,IC50,IC50,5.4,active,468.98100000000005,4.958500000000005,1.0,5.0,8.267606240177031
CNC(=O)Oc1cccc(CN(C)CCCCCCOc2ccc3c(=O)c4ccccc4oc3c2)c1,CHEMBL124933,IC50,IC50,1.4,active,488.5840000000002,5.735600000000006,1.0,6.0,8.853871964321762
CNC(=O)Oc1cccc(CN(C)CCCOc2ccc3ccccc3c2)c1.Cl,CHEMBL542220,IC50,IC50,82.6,active,414.93299999999994,4.880700000000005,1.0,4.0,7.083019952679618
CN(CCCOc1ccc2c(=O)c3ccccc3oc2c1)Cc1cccc(OC(=O)NCCCCCCCCCN2CCOCC2)c1,CHEMBL127857,IC50,IC50,29.3,active,643.8249999999999,6.998400000000007,1.0,8.0,7.533132379645891
CNC(=O)Oc1cccc(CN(C)CCCCCCCCOc2ccc3c(=O)c4ccccc4oc3c2)c1.Cl,CHEMBL557405,IC50,IC50,6.8,active,553.0990000000003,6.937600000000008,1.0,6.0,8.167491087293763
CN(CCCOc1ccc2c(=O)c3ccccc3oc2c1)Cc1cccc(OC(=O)NCCCCCCN2CCOCC2)c1,CHEMBL340228,IC50,IC50,21.1,active,601.7440000000001,5.828100000000005,1.0,8.0,7.675717544702307
CNC(=O)Oc1ccc2c(c1)[C@]1(C)CCN(C)[C@@H]1N2C,CHEMBL94,IC50,IC50,14.1,active,275.352,1.7739,1.0,4.0,7.85078088734462
CNC(=O)Oc1cccc(CN(C)CCCOc2cccc(Cc3ccccc3)c2)c1.Cl,CHEMBL544126,IC50,IC50,24.7,active,454.998,5.318300000000006,1.0,4.0,7.607303046740334
CNC(=O)Oc1cccc(CN(C)CCCCCCCOc2ccc3c(=O)c4ccccc4oc3c2)c1.Cl,CHEMBL543655,IC50,IC50,0.32,active,539.0720000000002,6.547500000000007,1.0,6.0,9.494850021680094
CNC(=O)Oc1cccc(CN(C)CCCOc2ccc(-c3ccccc3)cc2)c1,CHEMBL124156,IC50,IC50,54.6,active,404.51,4.972700000000005,1.0,4.0,7.262807357295262
CN(CCCOc1ccc2c(=O)c3ccccc3oc2c1)Cc1cccc(OC(=O)NCCCCCCCN2CCOCC2)c1,CHEMBL340171,IC50,IC50,26.2,active,615.7710000000001,6.218200000000006,1.0,8.0,7.581698708680254
CNC(=O)Oc1cccc(CN(C)CCCOc2ccccc2)c1.Cl,CHEMBL539045,IC50,IC50,79.6,active,364.8729999999999,3.727500000000003,1.0,4.0,7.099086932262331
CNC(=O)Oc1cccc(CN(C)CC#CCOc2ccc3c(=O)c4ccccc4oc3c2)c1.Cl,CHEMBL553803,IC50,IC50,210.0,active,492.9590000000001,4.600400000000005,1.0,6.0,6.6777807052660805
CNC(=O)Oc1cccc(CN(C)CCCCCCCCCCOc2ccc3c(=O)c4ccccc4oc3c2)c1.Cl,CHEMBL544823,IC50,IC50,21.8,active,581.1530000000004,7.717800000000009,1.0,6.0,7.661543506395395
COc1ccccc1CNCCCCCCNCCCCCCCCNCCCCCCNCc1ccccc1OC,CHEMBL27673,IC50,pIC50,5.27,intermediate,582.9180000000005,7.223800000000008,4.0,6.0,5.269999835325842
CN1CC[C@@]2(C)c3cc(OC(=O)Nc4ccccc4)ccc3NC12,CHEMBL418917,IC50,IC50,40.8,active,323.396,3.6423000000000014,2.0,4.0,7.38933983691012
CNC(=O)Oc1ccc2c(c1)[C@]1(C)CCN(C)C1N2C=O,CHEMBL99581,IC50,IC50,387.5,active,289.335,1.3005,1.0,4.0,6.411728293157671
CCN(CCCCCC(=O)N(C)CCCCCCCCN(C)C(=O)CCCCCN(CC)Cc1ccccc1C)Cc1ccccc1C,CHEMBL174228,IC50,pIC50,7.25,active,663.0480000000002,9.025640000000005,0.0,4.0,7.250031916490597
CC[N+](C)(CCCCCC(=O)N(C)CCCCCCCCN(C)C(=O)CCCCC[N+](C)(CC)Cc1ccccc1Cl)Cc1ccccc1Cl,CHEMBL173935,IC50,pIC50,7.71,active,733.9540000000004,10.004799999999998,0.0,2.0,7.709965388637482
CC[N+](C)(CCCCCC(=O)N(CCCCCCCCN(C(=O)CCCCC[N+](C)(CC)Cc1ccccc1OC)C(C)C)C(C)C)Cc1ccccc1OC,CHEMBL176521,IC50,pIC50,8.09,active,781.2240000000002,10.272399999999998,0.0,4.0,8.090016305060155
CN1CC[C@@]2(C)c3cc(OC(=O)Nc4ccccc4)ccc3N(Cc3ccccc3)C12,CHEMBL319541,IC50,IC50,245.3,active,413.52100000000013,5.2370000000000045,1.0,4.0,6.610302451793614
COc1ccc(CN(C)CCCCCC(=O)N(C)CCCCCCCCN(C)C(=O)CCCCCN(C)Cc2ccc(OC)cc2)cc1,CHEMBL79012,IC50,pIC50,5.24,intermediate,666.9920000000004,7.64580000000001,0.0,6.0,5.2399999527072705
CN1CC[C@]2(C)c3cc(OC(=O)Nc4ccccc4)ccc3N(Cc3ccccc3)C12,CHEMBL99655,IC50,IC50,11223.0,inactive,413.52100000000013,5.2370000000000045,1.0,4.0,4.949891037082132
CNC(=O)Oc1ccc2c(c1)[C@@]1(C)CCN(C)C1N2Cc1ccccc1,CHEMBL317162,IC50,IC50,2847.5,intermediate,351.45000000000005,3.3443000000000023,1.0,4.0,5.545536267248862
COc1ccccc1CNCCCCCCNCCSSCCNCCCCCCNCc1ccccc1OC,CHEMBL19060,IC50,pIC50,5.14,intermediate,590.9440000000003,6.264600000000006,4.0,8.0,5.1399999760652255
CCN(CCCCCC(=O)N(CCCCCCCCN(C(=O)CCCCCN(CC)Cc1ccccc1OC)C(C)C)C(C)C)Cc1ccccc1OC,CHEMBL143055,IC50,pIC50,7.74,active,751.1540000000001,9.983199999999998,0.0,6.0,7.739928612014925
CC[N+](C)(CCCCCC(=O)N(C)CCCCCCCCN(C)C(=O)CCCCC[N+](C)(CC)Cc1ccccc1[N+](=O)[O-])Cc1ccccc1[N+](=O)[O-].[I-].[I-],CHEMBL609977,IC50,pIC50,7.91,active,1008.8660000000004,2.5224000000000073,0.0,6.0,7.910094888560602
CC[N+](C)(CCCCCC(=O)N(C)CCCCCCCCN(C)C(=O)CCCCC[N+](C)(CC)Cc1ccccc1[N+](=O)[O-])Cc1ccccc1[N+](=O)[O-].[I-].[I-],CHEMBL609977,IC50,pIC50,7.9,active,1008.8660000000004,2.5224000000000073,0.0,6.0,7.899974269892137
CC[N+](C)(CCCCCC(=O)N(C)CCCCCCCCN(C)C(=O)CCCCC[N+](C)(CC)Cc1ccccc1[N+](=O)[O-])Cc1ccccc1[N+](=O)[O-].[I-].[I-],CHEMBL609977,IC50,pIC50,7.89,active,1008.8660000000004,2.5224000000000073,0.0,6.0,7.890084136976206
CC[N+](C)(CCCCCC(=O)N(C)CCCCCCCCN(C)C(=O)CCCCC[N+](C)(CC)Cc1ccccc1[N+](=O)[O-])Cc1ccccc1[N+](=O)[O-].[I-].[I-],CHEMBL609977,IC50,pIC50,7.91,active,1008.8660000000004,2.5224000000000073,0.0,6.0,7.910094888560602
COc1ccccc1CN(CCCCCC(=O)N(C)CCCCCCCCN(C)C(=O)CCCCCN(Cc1ccccc1OC)C(C)C)C(C)C,CHEMBL174710,IC50,pIC50,7.14,active,723.1000000000003,9.203000000000005,0.0,6.0,7.140021558357979
CNC(=O)Oc1ccc2c(c1)[C@]1(C)CCN(C)[C@@H]1N2C,CHEMBL94,IC50,pIC50,7.75,active,275.352,1.7739,1.0,4.0,7.7500682433658055
CNC(=O)Oc1ccc2c(c1)[C@]1(C)CCN(C)C1N2Cc1ccccc1,CHEMBL80221,IC50,IC50,160.8,active,351.45000000000005,3.3443000000000023,1.0,4.0,6.793713955587568
COc1cccc(CN(C)CCCCCC(=O)N(C)CCCCCCCCN(C)C(=O)CCCCCN(C)Cc2cccc(OC)c2)c1,CHEMBL176773,IC50,pIC50,6.17,active,666.9920000000004,7.645800000000009,0.0,6.0,6.170001911302621
CC[N+](C)(CCCCCC(=O)N(C)CCCCCCCCN(C)C(=O)CCCCC[N+](C)(CC)Cc1ccccc1C(F)(F)F)Cc1ccccc1C(F)(F)F,CHEMBL174046,IC50,pIC50,7.93,active,801.0580000000007,10.735599999999994,0.0,2.0,7.9299621333922445
CCN(CCCCCC(=O)N(C)CCCCCCCCN(C)C(=O)CCCCCN(CC)Cc1ccccc1[N+](=O)[O-])Cc1ccccc1[N+](=O)[O-],CHEMBL176308,IC50,pIC50,6.1,active,724.9880000000003,8.22520000000001,0.0,8.0,6.0999990348465305
CCN(CCCCCC(=O)N(C)CCCCCCCCN(C)C(=O)CCCCCN(CC)Cc1ccccc1[N+](=O)[O-])Cc1ccccc1[N+](=O)[O-],CHEMBL176308,IC50,pIC50,7.49,active,724.9880000000003,8.22520000000001,0.0,8.0,7.489991487059766
CCN(CCCCCC(=O)N(C)CCCCCCCCN(C)C(=O)CCCCCN(CC)Cc1ccccc1[N+](=O)[O-])Cc1ccccc1[N+](=O)[O-],CHEMBL176308,IC50,pIC50,7.1,active,724.9880000000003,8.22520000000001,0.0,8.0,7.100015437450609
CCN(CCCCCC(=O)N(C)CCCCCCCCN(C)C(=O)CCCCCN(CC)Cc1ccccc1[N+](=O)[O-])Cc1ccccc1[N+](=O)[O-],CHEMBL176308,IC50,pIC50,6.1,active,724.9880000000003,8.22520000000001,0.0,8.0,6.0999990348465305
CNC(=O)Oc1ccc2c(c1)[C@]1(C)CCN(C)[C@@H]1N2C,CHEMBL94,IC50,IC50,27.9,active,275.352,1.7739,1.0,4.0,7.554395796726403
CC[N+](C)(CCCCCC(=O)N(C)CCCCCCCCN(C)C(=O)CCCCC[N+](C)(CC)Cc1ccccc1)Cc1ccccc1,CHEMBL137059,IC50,pIC50,7.43,active,665.0640000000005,8.698000000000006,0.0,2.0,7.430041181903406
CCCOc1ccccc1C[N+](C)(CC)CCCCCC(=O)N(C)CCCCCCCCN(C)C(=O)CCCCC[N+](C)(CC)Cc1ccccc1OCCC,CHEMBL263785,IC50,pIC50,7.76,active,781.2239999999997,10.275599999999999,0.0,4.0,7.7599502278873524
CC[N+](C)(CCCCCC(=O)N(C)CCCCCCCCN(C)C(=O)CCCCC[N+](C)(CC)Cc1ccccc1C)Cc1ccccc1C,CHEMBL173607,IC50,pIC50,7.78,active,693.1180000000004,9.314840000000002,0.0,2.0,7.779891911959945
Nc1c2c(nc3ccccc13)CCCC2,CHEMBL95,IC50,pIC50,6.6,active,198.26899999999992,2.695800000000001,1.0,2.0,6.599997654072044
CCCOc1ccccc1CN(CC)CCCCCC(=O)N(C)CCCCCCCCN(C)C(=O)CCCCCN(CC)Cc1ccccc1OCCC,CHEMBL368075,IC50,pIC50,7.47,active,751.1539999999998,9.9864,0.0,6.0,7.470056598341331
CN1CC[C@]2(C)c3cc(OC(=O)Nc4ccccc4)ccc3N(C)C12,CHEMBL75919,IC50,IC50,3500.5,intermediate,337.42300000000006,3.6666000000000025,1.0,4.0,5.455869918012035
CNC(=O)Oc1ccc2c(c1)[C@@]1(C)CCN(C)C1N2C,CHEMBL76640,IC50,IC50,9887.0,intermediate,275.352,1.7739,1.0,4.0,5.004935465843858
CN1CC[C@@]2(C)c3cc(OC(=O)Nc4ccccc4)ccc3N(C=O)C12,CHEMBL100366,IC50,IC50,780.4,active,351.40600000000006,3.193200000000002,1.0,4.0,6.10768273927752
CCN(CCCCCC(=O)N(C)CCCCCCCCN(C)C(=O)CCCCCN(CC)Cc1ccccc1C(F)(F)F)Cc1ccccc1C(F)(F)F,CHEMBL173136,IC50,pIC50,5.34,intermediate,770.9880000000005,10.446399999999997,0.0,4.0,5.3400001801593495
CCN(CCCCCC(=O)N(C)CCCCCCCCN(C)C(=O)CCCCCN(CC)Cc1ccccc1OC)Cc1ccccc1OC,CHEMBL173309,IC50,pIC50,7.73,active,695.0460000000003,8.426000000000007,0.0,6.0,7.730020323354676
CCN(CCCCCC(=O)N(C)CCCCCCCCN(C)C(=O)CCCCCN(CC)Cc1ccccc1OC)Cc1ccccc1OC,CHEMBL173309,IC50,pIC50,7.79,active,695.0460000000003,8.426000000000007,0.0,6.0,7.789949150124863
CCN(CCCCCC(=O)N(C)CCCCCCCCN(C)C(=O)CCCCCN(CC)Cc1ccccc1OC)Cc1ccccc1OC,CHEMBL173309,IC50,pIC50,7.76,active,695.0460000000003,8.426000000000007,0.0,6.0,7.7599502278873524
CCN(CCCCCC(=O)N(C)CCCCCCCCN(C)C(=O)CCCCCN(CC)Cc1ccccc1OC)Cc1ccccc1OC,CHEMBL173309,IC50,pIC50,7.73,active,695.0460000000003,8.426000000000007,0.0,6.0,7.730020323354676
CCN(CCCCCCOCCCCCCCCOCCCCCCN(CC)Cc1ccccc1OC)Cc1ccccc1OC,CHEMBL175047,IC50,pIC50,6.69,active,640.9940000000003,9.542400000000002,0.0,6.0,6.69000807121882
CN1CC[C@@]2(C)c3cc(OC(=O)Nc4ccccc4)ccc3N(C)C12,CHEMBL54727,IC50,IC50,24.0,active,337.42300000000006,3.6666000000000025,1.0,4.0,7.619788758288394
CCN(CCCCCC(=O)N(C)CCCCCCCCN(C)C(=O)CCCCCN(CC)Cc1ccccc1)Cc1ccccc1,CHEMBL176585,IC50,pIC50,7.31,active,634.9940000000004,8.408800000000008,0.0,4.0,7.309981219211305
CNC(=O)Oc1ccc2c(c1)[C@@]1(C)CCN(C)C1N2,CHEMBL99414,IC50,IC50,2193.5,intermediate,261.32499999999993,1.7496,2.0,4.0,5.658862361259036
CCN(CCCCCC(=O)N(C)CCCCCCCCN(C)C(=O)CCCCCN(CC)Cc1ccccc1Cl)Cc1ccccc1Cl,CHEMBL177052,IC50,pIC50,6.95,active,703.8840000000002,9.715600000000002,0.0,4.0,6.950007143079858
CC[N+](C)(CCCCCCOCCCCCCCCOCCCCCC[N+](C)(CC)Cc1ccccc1OC)Cc1ccccc1OC,CHEMBL172442,IC50,pIC50,7.11,active,671.0640000000003,9.831600000000002,0.0,4.0,7.110026361596004
COc1ccccc1CN(C)CCCCCC(=O)N(C)CCCCCCCCN(C)C(=O)CCCCCN(C)Cc1ccccc1OC,CHEMBL11805,IC50,pIC50,6.77,active,666.9920000000003,7.64580000000001,0.0,6.0,6.770011163455189
CC[N+](C)(CCCCCC(=O)N(C)CCCCCCCCN(C)C(=O)CCCCC[N+](C)(CC)Cc1ccccc1OC)Cc1ccccc1OC,CHEMBL173018,IC50,pIC50,7.92,active,725.1160000000004,8.715200000000006,0.0,4.0,7.92009553233328
CC[N+](C)(CCCCCC(=O)N(C)CCCCCCCCN(C)C(=O)CCCCC[N+](C)(CC)Cc1ccccc1OC)Cc1ccccc1OC,CHEMBL173018,IC50,pIC50,7.96,active,725.1160000000004,8.715200000000006,0.0,4.0,7.96018944585165
CC[N+](C)(CCCCCC(=O)N(C)CCCCCCCCN(C)C(=O)CCCCC[N+](C)(CC)Cc1ccccc1OC)Cc1ccccc1OC,CHEMBL173018,IC50,pIC50,7.96,active,725.1160000000004,8.715200000000006,0.0,4.0,7.96018944585165
CC[N+](C)(CCCCCC(=O)N(C)CCCCCCCCN(C)C(=O)CCCCC[N+](C)(CC)Cc1ccccc1OC)Cc1ccccc1OC,CHEMBL173018,IC50,pIC50,7.92,active,725.1160000000004,8.715200000000006,0.0,4.0,7.92009553233328
CNC(=O)Oc1ccc2c(c1)[C@]1(C)CCN(C)C1N2,CHEMBL431784,IC50,IC50,56.7,active,261.32499999999993,1.7496,2.0,4.0,7.246416941107094
CN1CC[C@]2(C)c3cc(OC(=O)Nc4ccccc4)ccc3NC12,CHEMBL99284,IC50,IC50,5654.5,intermediate,323.396,3.6423000000000014,2.0,4.0,5.247605791594637
Nc1c2c(nc3cc(Cl)ccc13)-c1ccccc1C2,CHEMBL59730,IC50,Log IC50,-5.18,intermediate,266.73100000000005,4.041600000000002,1.0,2.0,5.180000294489514
COc1ccccc1CN(C)CCCCCC(=O)N(C)CCCCCCCCN(C)C(=O)CCCCCN(C)Cc1ccccc1OC,CHEMBL11805,IC50,Log IC50,-6.77,active,666.9920000000003,7.64580000000001,0.0,6.0,6.770011163455189
CCCCCCCNc1c2c(nc3cc(Cl)ccc13)CCCC2,CHEMBL59782,IC50,IC50,0.013,active,330.9030000000002,6.1493000000000055,1.0,2.0,7.886056647693163
CCCCCCCNc1c2c(nc3cc(Cl)ccc13)CCCC2,CHEMBL59782,IC50,Log IC50,-7.88,active,330.9030000000002,6.1493000000000055,1.0,2.0,7.880084589742009
C[C@]12CC[C@H](O)[C@@](C)(CO)C1C[C@H](O)[C@@]1(C)Oc3cc(-c4cccnc4)oc(=O)c3C(=O)C21,CHEMBL25629,IC50,IC50,35.0,inactive,455.5070000000002,2.1921999999999997,3.0,8.0,4.455931955649724
CN1C(=O)Cc2cc3c(CCC4CCN(Cc5ccccc5)CC4)noc3cc21.CS(=O)(=O)O,CHEMBL94546,IC50,IC50,0.48,active,485.6060000000002,3.6955000000000027,1.0,6.0,9.318758762624412
COc1ccc2c(c1)-c1nc3ccccc3c(N)c1C2,CHEMBL293842,IC50,Log IC50,-5.37,intermediate,262.312,3.3968000000000007,1.0,3.0,5.369999510099088
CNC(=O)Oc1ccc2c(c1)OC[C@@H]1CC[N+](C)(C)[C@H]21,CHEMBL12324,IC50,Log IC50,-5.74,intermediate,277.34399999999994,1.9346,1.0,3.0,5.740000204918113
